--------------------MobilerakerCompanion Log Start--------------------
Git Version: v0.5.0-6-g1e866ae
2026-03-23 04:16:05,111 root INFO - MobilerakerCompanion version: v0.5.0-6-g1e866ae
2026-03-23 04:16:05,113 root INFO - Checking if passed config exists: /home/mks/printer_data/config/mobileraker.conf
2026-03-23 04:16:05,114 root INFO - Found configuration file at: /home/mks/printer_data/config/mobileraker.conf
2026-03-23 04:16:05,117 root INFO - Read 1 printer config sections
2026-03-23 04:16:05,121 root INFO - Main section read, language:"en", timezone:"UTC", eta_format:"%d.%m.%Y, %H:%M:%S", include_snapshot:"True"
2026-03-23 04:16:05,123 mobileraker.QidiPlus4 INFO - MobilerakerCompanion client created for QidiPlus4, it will ignore the following sensors: []
2026-03-23 04:16:05,124 root INFO - Starting MobilerakerCompanion for printer: QidiPlus4
2026-03-23 04:16:05,127 mobileraker.QidiPlus4.jrpc INFO - Trying to connect to: ws://127.0.0.1:7125/websocket api key <NO API KEY>
2026-03-23 04:16:05,130 websockets.client INFO - ! connect failed; reconnecting in 2.8 seconds
Traceback (most recent call last):
  File "/home/mks/mobileraker-env/lib/python3.11/site-packages/websockets/legacy/client.py", line 598, in __aiter__
    async with self as protocol:
  File "/home/mks/mobileraker-env/lib/python3.11/site-packages/websockets/legacy/client.py", line 633, in __aenter__
    return await self
           ^^^^^^^^^^
  File "/home/mks/mobileraker-env/lib/python3.11/site-packages/websockets/legacy/client.py", line 650, in __await_impl_timeout__
    return await asyncio.wait_for(self.__await_impl__(), self.open_timeout)
           ^^^^^^^^^^^^^^^^^^^^^^^^^^^^^^^^^^^^^^^^^^^^^^^^^^^^^^^^^^^^^^^^
  File "/usr/lib/python3.11/asyncio/tasks.py", line 479, in wait_for
    return fut.result()
           ^^^^^^^^^^^^
  File "/home/mks/mobileraker-env/lib/python3.11/site-packages/websockets/legacy/client.py", line 654, in __await_impl__
    transport, protocol = await self._create_connection()
                          ^^^^^^^^^^^^^^^^^^^^^^^^^^^^^^^
  File "/usr/lib/python3.11/asyncio/base_events.py", line 1085, in create_connection
    raise exceptions[0]
  File "/usr/lib/python3.11/asyncio/base_events.py", line 1069, in create_connection
    sock = await self._connect_sock(
           ^^^^^^^^^^^^^^^^^^^^^^^^^
  File "/usr/lib/python3.11/asyncio/base_events.py", line 973, in _connect_sock
    await self.sock_connect(sock, address)
  File "/usr/lib/python3.11/asyncio/selector_events.py", line 634, in sock_connect
    return await fut
           ^^^^^^^^^
  File "/usr/lib/python3.11/asyncio/selector_events.py", line 674, in _sock_connect_cb
    raise OSError(err, f'Connect call failed {address}')
ConnectionRefusedError: [Errno 111] Connect call failed ('127.0.0.1', 7125)
2026-03-23 04:16:07,977 websockets.client INFO - ! connect failed again; retrying in 3 seconds
Traceback (most recent call last):
  File "/home/mks/mobileraker-env/lib/python3.11/site-packages/websockets/legacy/client.py", line 598, in __aiter__
    async with self as protocol:
  File "/home/mks/mobileraker-env/lib/python3.11/site-packages/websockets/legacy/client.py", line 633, in __aenter__
    return await self
           ^^^^^^^^^^
  File "/home/mks/mobileraker-env/lib/python3.11/site-packages/websockets/legacy/client.py", line 650, in __await_impl_timeout__
    return await asyncio.wait_for(self.__await_impl__(), self.open_timeout)
           ^^^^^^^^^^^^^^^^^^^^^^^^^^^^^^^^^^^^^^^^^^^^^^^^^^^^^^^^^^^^^^^^
  File "/usr/lib/python3.11/asyncio/tasks.py", line 479, in wait_for
    return fut.result()
           ^^^^^^^^^^^^
  File "/home/mks/mobileraker-env/lib/python3.11/site-packages/websockets/legacy/client.py", line 654, in __await_impl__
    transport, protocol = await self._create_connection()
                          ^^^^^^^^^^^^^^^^^^^^^^^^^^^^^^^
  File "/usr/lib/python3.11/asyncio/base_events.py", line 1085, in create_connection
    raise exceptions[0]
  File "/usr/lib/python3.11/asyncio/base_events.py", line 1069, in create_connection
    sock = await self._connect_sock(
           ^^^^^^^^^^^^^^^^^^^^^^^^^
  File "/usr/lib/python3.11/asyncio/base_events.py", line 973, in _connect_sock
    await self.sock_connect(sock, address)
  File "/usr/lib/python3.11/asyncio/selector_events.py", line 634, in sock_connect
    return await fut
           ^^^^^^^^^
  File "/usr/lib/python3.11/asyncio/selector_events.py", line 674, in _sock_connect_cb
    raise OSError(err, f'Connect call failed {address}')
ConnectionRefusedError: [Errno 111] Connect call failed ('127.0.0.1', 7125)
2026-03-23 04:16:10,996 mobileraker.QidiPlus4.jrpc INFO - WebSocket connected
2026-03-23 04:16:10,997 mobileraker.QidiPlus4.jrpc INFO - Notifying listeners about connection state True
2026-03-23 04:16:10,999 mobileraker.QidiPlus4.sync INFO - Connection state changed to <is_connected: True>
2026-03-23 04:16:11,000 mobileraker.QidiPlus4.sync INFO - Doing a (Re)Sync with moonraker
2026-03-23 04:16:11,001 mobileraker.QidiPlus4.sync INFO - Syncing klippy Objects
2026-03-23 04:16:11,022 mobileraker.QidiPlus4.sync INFO - Received server info: {'jsonrpc': '2.0', 'result': {'klippy_connected': True, 'klippy_state': 'ready', 'components': ['secrets', 'template', 'klippy_connection', 'jsonrpc', 'internal_transport', 'application', 'websockets', 'database', 'dbus_manager', 'file_manager', 'authorization', 'klippy_apis', 'shell_command', 'machine', 'data_store', 'proc_stats', 'job_state', 'job_queue', 'history', 'http_client', 'announcements', 'webcam', 'extensions', 'octoprint_compat', 'update_manager'], 'failed_components': [], 'registered_directories': ['config', 'logs', 'gcodes', 'config_examples', 'docs'], 'warnings': [], 'websocket_count': 1, 'moonraker_version': 'v0.10.0-0-g16e530e', 'missing_klippy_requirements': [], 'api_version': [1, 5, 0], 'api_version_string': '1.5.0'}, 'id': 3317}
2026-03-23 04:16:11,023 mobileraker.QidiPlus4.sync INFO - Syncing printer Objects
2026-03-23 04:16:11,032 mobileraker.QidiPlus4.sync INFO - Subscribing to printer Objects: dict_keys(['gcode_move', 'print_stats', 'virtual_sdcard', 'display_status', 'filament_switch_sensor filament_tangle_sensor', 'toolhead'])
2026-03-23 04:16:11,034 mobileraker.QidiPlus4 INFO - Updated companion meta data in moonraker database
2026-03-23 04:16:11,099 mobileraker.QidiPlus4.sync INFO - Subscribing to printer Objects
2026-03-23 04:16:11,102 mobileraker.QidiPlus4.sync INFO - Subscribed to printer Objects
2026-03-23 04:16:11,103 mobileraker.QidiPlus4.sync INFO - (Re)Sync completed
2026-03-23 04:16:11,104 mobileraker.QidiPlus4 INFO - No last snapshot available. Evaluating!
2026-03-23 04:16:11,105 mobileraker.QidiPlus4 INFO - Snapshot passed threshold. LastSnap: None, NewSnap: PrinterSnapshot(timestamp=2026-03-23T04:16:11.101175,klippy_ready=True, print_state=standby, m117=None, m117_hash=, virtual_sdcard=VirtualSDCard (progress: 0.000000, file_position: 0), print_stats=PrintStats (filename: , total_duration: 0.0, print_duration: 0.0, state: standby, message: ), current_file=None, toolhead=<mobileraker.data.dtos.moonraker.printer_objects.Toolhead object at 0xffffa2937990>, gcode_move=<mobileraker.data.dtos.moonraker.printer_objects.GCodeMove object at 0xffffa2b6f810>, gcode_response=None, gcode_response_hash=, timelapse_pause=None, filament_sensors=FilamentSensor(name=filament_tangle_sensor, kind=filament_switch_sensor, enabled=True, filament_detected=True))
2026-03-23 04:16:11,111 mobileraker.QidiPlus4 INFO - Fetched 0 app Cfgs!
2026-03-23 04:16:11,112 mobileraker.QidiPlus4 INFO - ---- Completed Evaluations Task! ----
2026-03-23 04:20:27,560 mobileraker.QidiPlus4.jrpc INFO - websocket closed ?????...
2026-03-23 04:20:27,561 mobileraker.QidiPlus4.jrpc INFO - Notifying listeners about connection state False
2026-03-23 04:20:27,562 mobileraker.QidiPlus4.sync INFO - Connection state changed to <is_connected: False>
2026-03-23 04:20:27,567 websockets.client INFO - ! connect failed; reconnecting in 1.5 seconds
Traceback (most recent call last):
  File "/home/mks/mobileraker-env/lib/python3.11/site-packages/websockets/legacy/client.py", line 598, in __aiter__
    async with self as protocol:
  File "/home/mks/mobileraker-env/lib/python3.11/site-packages/websockets/legacy/client.py", line 633, in __aenter__
    return await self
           ^^^^^^^^^^
  File "/home/mks/mobileraker-env/lib/python3.11/site-packages/websockets/legacy/client.py", line 650, in __await_impl_timeout__
    return await asyncio.wait_for(self.__await_impl__(), self.open_timeout)
           ^^^^^^^^^^^^^^^^^^^^^^^^^^^^^^^^^^^^^^^^^^^^^^^^^^^^^^^^^^^^^^^^
  File "/usr/lib/python3.11/asyncio/tasks.py", line 479, in wait_for
    return fut.result()
           ^^^^^^^^^^^^
  File "/home/mks/mobileraker-env/lib/python3.11/site-packages/websockets/legacy/client.py", line 654, in __await_impl__
    transport, protocol = await self._create_connection()
                          ^^^^^^^^^^^^^^^^^^^^^^^^^^^^^^^
  File "/usr/lib/python3.11/asyncio/base_events.py", line 1085, in create_connection
    raise exceptions[0]
  File "/usr/lib/python3.11/asyncio/base_events.py", line 1069, in create_connection
    sock = await self._connect_sock(
           ^^^^^^^^^^^^^^^^^^^^^^^^^
  File "/usr/lib/python3.11/asyncio/base_events.py", line 973, in _connect_sock
    await self.sock_connect(sock, address)
  File "/usr/lib/python3.11/asyncio/selector_events.py", line 634, in sock_connect
    return await fut
           ^^^^^^^^^
  File "/usr/lib/python3.11/asyncio/selector_events.py", line 674, in _sock_connect_cb
    raise OSError(err, f'Connect call failed {address}')
ConnectionRefusedError: [Errno 111] Connect call failed ('127.0.0.1', 7125)
2026-03-23 04:20:29,111 websockets.client INFO - ! connect failed again; retrying in 3 seconds
Traceback (most recent call last):
  File "/home/mks/mobileraker-env/lib/python3.11/site-packages/websockets/legacy/client.py", line 598, in __aiter__
    async with self as protocol:
  File "/home/mks/mobileraker-env/lib/python3.11/site-packages/websockets/legacy/client.py", line 633, in __aenter__
    return await self
           ^^^^^^^^^^
  File "/home/mks/mobileraker-env/lib/python3.11/site-packages/websockets/legacy/client.py", line 650, in __await_impl_timeout__
    return await asyncio.wait_for(self.__await_impl__(), self.open_timeout)
           ^^^^^^^^^^^^^^^^^^^^^^^^^^^^^^^^^^^^^^^^^^^^^^^^^^^^^^^^^^^^^^^^
  File "/usr/lib/python3.11/asyncio/tasks.py", line 479, in wait_for
    return fut.result()
           ^^^^^^^^^^^^
  File "/home/mks/mobileraker-env/lib/python3.11/site-packages/websockets/legacy/client.py", line 654, in __await_impl__
    transport, protocol = await self._create_connection()
                          ^^^^^^^^^^^^^^^^^^^^^^^^^^^^^^^
  File "/usr/lib/python3.11/asyncio/base_events.py", line 1085, in create_connection
    raise exceptions[0]
  File "/usr/lib/python3.11/asyncio/base_events.py", line 1069, in create_connection
    sock = await self._connect_sock(
           ^^^^^^^^^^^^^^^^^^^^^^^^^
  File "/usr/lib/python3.11/asyncio/base_events.py", line 973, in _connect_sock
    await self.sock_connect(sock, address)
  File "/usr/lib/python3.11/asyncio/selector_events.py", line 634, in sock_connect
    return await fut
           ^^^^^^^^^
  File "/usr/lib/python3.11/asyncio/selector_events.py", line 674, in _sock_connect_cb
    raise OSError(err, f'Connect call failed {address}')
ConnectionRefusedError: [Errno 111] Connect call failed ('127.0.0.1', 7125)
2026-03-23 04:20:32,121 websockets.client INFO - ! connect failed again; retrying in 5 seconds
Traceback (most recent call last):
  File "/home/mks/mobileraker-env/lib/python3.11/site-packages/websockets/legacy/client.py", line 598, in __aiter__
    async with self as protocol:
  File "/home/mks/mobileraker-env/lib/python3.11/site-packages/websockets/legacy/client.py", line 633, in __aenter__
    return await self
           ^^^^^^^^^^
  File "/home/mks/mobileraker-env/lib/python3.11/site-packages/websockets/legacy/client.py", line 650, in __await_impl_timeout__
    return await asyncio.wait_for(self.__await_impl__(), self.open_timeout)
           ^^^^^^^^^^^^^^^^^^^^^^^^^^^^^^^^^^^^^^^^^^^^^^^^^^^^^^^^^^^^^^^^
  File "/usr/lib/python3.11/asyncio/tasks.py", line 479, in wait_for
    return fut.result()
           ^^^^^^^^^^^^
  File "/home/mks/mobileraker-env/lib/python3.11/site-packages/websockets/legacy/client.py", line 654, in __await_impl__
    transport, protocol = await self._create_connection()
                          ^^^^^^^^^^^^^^^^^^^^^^^^^^^^^^^
  File "/usr/lib/python3.11/asyncio/base_events.py", line 1085, in create_connection
    raise exceptions[0]
  File "/usr/lib/python3.11/asyncio/base_events.py", line 1069, in create_connection
    sock = await self._connect_sock(
           ^^^^^^^^^^^^^^^^^^^^^^^^^
  File "/usr/lib/python3.11/asyncio/base_events.py", line 973, in _connect_sock
    await self.sock_connect(sock, address)
  File "/usr/lib/python3.11/asyncio/selector_events.py", line 634, in sock_connect
    return await fut
           ^^^^^^^^^
  File "/usr/lib/python3.11/asyncio/selector_events.py", line 674, in _sock_connect_cb
    raise OSError(err, f'Connect call failed {address}')
ConnectionRefusedError: [Errno 111] Connect call failed ('127.0.0.1', 7125)
2026-03-23 04:20:37,142 mobileraker.QidiPlus4.jrpc INFO - WebSocket connected
2026-03-23 04:20:37,143 mobileraker.QidiPlus4.jrpc INFO - Notifying listeners about connection state True
2026-03-23 04:20:37,144 mobileraker.QidiPlus4.sync INFO - Connection state changed to <is_connected: True>
2026-03-23 04:20:37,146 mobileraker.QidiPlus4.sync INFO - Doing a (Re)Sync with moonraker
2026-03-23 04:20:37,147 mobileraker.QidiPlus4.sync INFO - Syncing klippy Objects
2026-03-23 04:20:37,169 mobileraker.QidiPlus4.sync INFO - Received server info: {'jsonrpc': '2.0', 'result': {'klippy_connected': True, 'klippy_state': 'ready', 'components': ['secrets', 'template', 'klippy_connection', 'jsonrpc', 'internal_transport', 'application', 'websockets', 'database', 'dbus_manager', 'file_manager', 'authorization', 'klippy_apis', 'shell_command', 'machine', 'data_store', 'proc_stats', 'job_state', 'job_queue', 'history', 'http_client', 'announcements', 'webcam', 'extensions', 'octoprint_compat', 'update_manager'], 'failed_components': [], 'registered_directories': ['config', 'logs', 'gcodes', 'config_examples', 'docs'], 'warnings': [], 'websocket_count': 2, 'moonraker_version': 'v0.10.0-0-g16e530e', 'missing_klippy_requirements': [], 'api_version': [1, 5, 0], 'api_version_string': '1.5.0'}, 'id': 3024}
2026-03-23 04:20:37,170 mobileraker.QidiPlus4.sync INFO - Syncing printer Objects
2026-03-23 04:20:37,173 mobileraker.QidiPlus4 INFO - Updated companion meta data in moonraker database
2026-03-23 04:20:37,178 mobileraker.QidiPlus4.sync INFO - Subscribing to printer Objects: dict_keys(['gcode_move', 'print_stats', 'virtual_sdcard', 'display_status', 'filament_switch_sensor filament_tangle_sensor', 'toolhead'])
2026-03-23 04:20:37,409 mobileraker.QidiPlus4.sync INFO - Subscribing to printer Objects
2026-03-23 04:20:37,411 mobileraker.QidiPlus4.sync INFO - Subscribed to printer Objects
2026-03-23 04:20:37,412 mobileraker.QidiPlus4.sync INFO - (Re)Sync completed
2026-03-23 04:26:16,210 mobileraker.QidiPlus4 INFO - Time-Interval reached. Evaluating!
2026-03-23 04:26:16,212 mobileraker.QidiPlus4 INFO - Snapshot passed threshold. LastSnap: PrinterSnapshot(timestamp=2026-03-23T04:16:11.101175,klippy_ready=True, print_state=standby, m117=None, m117_hash=, virtual_sdcard=VirtualSDCard (progress: 0.000000, file_position: 0), print_stats=PrintStats (filename: , total_duration: 0.0, print_duration: 0.0, state: standby, message: ), current_file=None, toolhead=<mobileraker.data.dtos.moonraker.printer_objects.Toolhead object at 0xffffa2937990>, gcode_move=<mobileraker.data.dtos.moonraker.printer_objects.GCodeMove object at 0xffffa2b6f810>, gcode_response=None, gcode_response_hash=, timelapse_pause=None, filament_sensors=FilamentSensor(name=filament_tangle_sensor, kind=filament_switch_sensor, enabled=True, filament_detected=True)), NewSnap: PrinterSnapshot(timestamp=2026-03-23T04:26:16.209198,klippy_ready=True, print_state=standby, m117=None, m117_hash=, virtual_sdcard=VirtualSDCard (progress: 0.000000, file_position: 0), print_stats=PrintStats (filename: , total_duration: 0.0, print_duration: 0.0, state: standby, message: ), current_file=None, toolhead=<mobileraker.data.dtos.moonraker.printer_objects.Toolhead object at 0xffffa2937150>, gcode_move=<mobileraker.data.dtos.moonraker.printer_objects.GCodeMove object at 0xffffa2957a50>, gcode_response=None, gcode_response_hash=, timelapse_pause=None, filament_sensors=FilamentSensor(name=filament_tangle_sensor, kind=filament_switch_sensor, enabled=True, filament_detected=True))
2026-03-23 04:26:16,225 mobileraker.QidiPlus4 INFO - Fetched 0 app Cfgs!
2026-03-23 04:26:16,226 mobileraker.QidiPlus4 INFO - ---- Completed Evaluations Task! ----
2026-03-23 04:30:31,785 mobileraker.QidiPlus4.sync INFO - Moonraker's connection to Klippy has terminated/disconnected
2026-03-23 04:30:31,789 mobileraker.QidiPlus4 INFO - State changed. Evaluating!
2026-03-23 04:30:31,791 mobileraker.QidiPlus4 INFO - Snapshot passed threshold. LastSnap: PrinterSnapshot(timestamp=2026-03-23T04:26:16.209198,klippy_ready=True, print_state=standby, m117=None, m117_hash=, virtual_sdcard=VirtualSDCard (progress: 0.000000, file_position: 0), print_stats=PrintStats (filename: , total_duration: 0.0, print_duration: 0.0, state: standby, message: ), current_file=None, toolhead=<mobileraker.data.dtos.moonraker.printer_objects.Toolhead object at 0xffffa2937150>, gcode_move=<mobileraker.data.dtos.moonraker.printer_objects.GCodeMove object at 0xffffa2957a50>, gcode_response=None, gcode_response_hash=, timelapse_pause=None, filament_sensors=FilamentSensor(name=filament_tangle_sensor, kind=filament_switch_sensor, enabled=True, filament_detected=True)), NewSnap: PrinterSnapshot(timestamp=2026-03-23T04:30:31.786992,klippy_ready=False, print_state=error, m117=None, m117_hash=, virtual_sdcard=VirtualSDCard (progress: 0.000000, file_position: 0), print_stats=PrintStats (filename: , total_duration: 0.0, print_duration: 0.0, state: standby, message: ), current_file=None, toolhead=<mobileraker.data.dtos.moonraker.printer_objects.Toolhead object at 0xffffa2935e10>, gcode_move=<mobileraker.data.dtos.moonraker.printer_objects.GCodeMove object at 0xffffa2957a50>, gcode_response=None, gcode_response_hash=, timelapse_pause=None, filament_sensors=FilamentSensor(name=filament_tangle_sensor, kind=filament_switch_sensor, enabled=True, filament_detected=True))
2026-03-23 04:30:31,808 mobileraker.QidiPlus4 INFO - Fetched 0 app Cfgs!
2026-03-23 04:30:31,809 mobileraker.QidiPlus4 INFO - ---- Completed Evaluations Task! ----
2026-03-23 04:30:33,529 mobileraker.QidiPlus4.jrpc INFO - websocket closed ?????...
2026-03-23 04:30:33,530 mobileraker.QidiPlus4.jrpc INFO - Notifying listeners about connection state False
2026-03-23 04:30:33,534 mobileraker.QidiPlus4.sync INFO - Connection state changed to <is_connected: False>
2026-03-23 04:30:33,540 websockets.client INFO - ! connect failed; reconnecting in 2.7 seconds
Traceback (most recent call last):
  File "/home/mks/mobileraker-env/lib/python3.11/site-packages/websockets/legacy/client.py", line 598, in __aiter__
    async with self as protocol:
  File "/home/mks/mobileraker-env/lib/python3.11/site-packages/websockets/legacy/client.py", line 633, in __aenter__
    return await self
           ^^^^^^^^^^
  File "/home/mks/mobileraker-env/lib/python3.11/site-packages/websockets/legacy/client.py", line 650, in __await_impl_timeout__
    return await asyncio.wait_for(self.__await_impl__(), self.open_timeout)
           ^^^^^^^^^^^^^^^^^^^^^^^^^^^^^^^^^^^^^^^^^^^^^^^^^^^^^^^^^^^^^^^^
  File "/usr/lib/python3.11/asyncio/tasks.py", line 479, in wait_for
    return fut.result()
           ^^^^^^^^^^^^
  File "/home/mks/mobileraker-env/lib/python3.11/site-packages/websockets/legacy/client.py", line 654, in __await_impl__
    transport, protocol = await self._create_connection()
                          ^^^^^^^^^^^^^^^^^^^^^^^^^^^^^^^
  File "/usr/lib/python3.11/asyncio/base_events.py", line 1085, in create_connection
    raise exceptions[0]
  File "/usr/lib/python3.11/asyncio/base_events.py", line 1069, in create_connection
    sock = await self._connect_sock(
           ^^^^^^^^^^^^^^^^^^^^^^^^^
  File "/usr/lib/python3.11/asyncio/base_events.py", line 973, in _connect_sock
    await self.sock_connect(sock, address)
  File "/usr/lib/python3.11/asyncio/selector_events.py", line 634, in sock_connect
    return await fut
           ^^^^^^^^^
  File "/usr/lib/python3.11/asyncio/selector_events.py", line 674, in _sock_connect_cb
    raise OSError(err, f'Connect call failed {address}')
ConnectionRefusedError: [Errno 111] Connect call failed ('127.0.0.1', 7125)
2026-03-23 04:30:36,205 websockets.client INFO - ! connect failed again; retrying in 3 seconds
Traceback (most recent call last):
  File "/home/mks/mobileraker-env/lib/python3.11/site-packages/websockets/legacy/client.py", line 598, in __aiter__
    async with self as protocol:
  File "/home/mks/mobileraker-env/lib/python3.11/site-packages/websockets/legacy/client.py", line 633, in __aenter__
    return await self
           ^^^^^^^^^^
  File "/home/mks/mobileraker-env/lib/python3.11/site-packages/websockets/legacy/client.py", line 650, in __await_impl_timeout__
    return await asyncio.wait_for(self.__await_impl__(), self.open_timeout)
           ^^^^^^^^^^^^^^^^^^^^^^^^^^^^^^^^^^^^^^^^^^^^^^^^^^^^^^^^^^^^^^^^
  File "/usr/lib/python3.11/asyncio/tasks.py", line 479, in wait_for
    return fut.result()
           ^^^^^^^^^^^^
  File "/home/mks/mobileraker-env/lib/python3.11/site-packages/websockets/legacy/client.py", line 654, in __await_impl__
    transport, protocol = await self._create_connection()
                          ^^^^^^^^^^^^^^^^^^^^^^^^^^^^^^^
  File "/usr/lib/python3.11/asyncio/base_events.py", line 1085, in create_connection
    raise exceptions[0]
  File "/usr/lib/python3.11/asyncio/base_events.py", line 1069, in create_connection
    sock = await self._connect_sock(
           ^^^^^^^^^^^^^^^^^^^^^^^^^
  File "/usr/lib/python3.11/asyncio/base_events.py", line 973, in _connect_sock
    await self.sock_connect(sock, address)
  File "/usr/lib/python3.11/asyncio/selector_events.py", line 634, in sock_connect
    return await fut
           ^^^^^^^^^
  File "/usr/lib/python3.11/asyncio/selector_events.py", line 674, in _sock_connect_cb
    raise OSError(err, f'Connect call failed {address}')
ConnectionRefusedError: [Errno 111] Connect call failed ('127.0.0.1', 7125)
2026-03-23 04:30:39,243 mobileraker.QidiPlus4.jrpc INFO - WebSocket connected
2026-03-23 04:30:39,244 mobileraker.QidiPlus4.jrpc INFO - Notifying listeners about connection state True
2026-03-23 04:30:39,245 mobileraker.QidiPlus4.sync INFO - Connection state changed to <is_connected: True>
2026-03-23 04:30:39,246 mobileraker.QidiPlus4.sync INFO - Doing a (Re)Sync with moonraker
2026-03-23 04:30:39,248 mobileraker.QidiPlus4.sync INFO - Syncing klippy Objects
2026-03-23 04:30:39,272 mobileraker.QidiPlus4.sync INFO - Received server info: {'jsonrpc': '2.0', 'result': {'klippy_connected': True, 'klippy_state': 'startup', 'components': ['secrets', 'template', 'klippy_connection', 'jsonrpc', 'internal_transport', 'application', 'websockets', 'database', 'dbus_manager', 'file_manager', 'authorization', 'klippy_apis', 'shell_command', 'machine', 'data_store', 'proc_stats', 'job_state', 'job_queue', 'history', 'http_client', 'announcements', 'webcam', 'extensions', 'update_manager', 'octoprint_compat'], 'failed_components': [], 'registered_directories': ['config', 'logs', 'gcodes'], 'warnings': [], 'websocket_count': 2, 'moonraker_version': 'v0.10.0-0-g16e530e', 'missing_klippy_requirements': [], 'api_version': [1, 5, 0], 'api_version_string': '1.5.0'}, 'id': 9178}
2026-03-23 04:30:39,274 mobileraker.QidiPlus4.sync WARNING - Klippy was not ready. Trying resync again in 2 seconds...
2026-03-23 04:30:39,277 mobileraker.QidiPlus4 INFO - Updated companion meta data in moonraker database
2026-03-23 04:30:41,276 mobileraker.QidiPlus4.sync INFO - Syncing klippy Objects
2026-03-23 04:30:41,281 mobileraker.QidiPlus4.sync INFO - Received server info: {'jsonrpc': '2.0', 'result': {'klippy_connected': True, 'klippy_state': 'error', 'components': ['secrets', 'template', 'klippy_connection', 'jsonrpc', 'internal_transport', 'application', 'websockets', 'database', 'dbus_manager', 'file_manager', 'authorization', 'klippy_apis', 'shell_command', 'machine', 'data_store', 'proc_stats', 'job_state', 'job_queue', 'history', 'http_client', 'announcements', 'webcam', 'extensions', 'update_manager', 'octoprint_compat'], 'failed_components': [], 'registered_directories': ['config', 'logs', 'gcodes', 'config_examples', 'docs'], 'warnings': [], 'websocket_count': 3, 'moonraker_version': 'v0.10.0-0-g16e530e', 'missing_klippy_requirements': [], 'api_version': [1, 5, 0], 'api_version_string': '1.5.0'}, 'id': 7126}
2026-03-23 04:30:41,282 mobileraker.QidiPlus4.sync WARNING - Klippy was not ready. Trying resync again in 4 seconds...
2026-03-23 04:30:45,284 mobileraker.QidiPlus4.sync INFO - Syncing klippy Objects
2026-03-23 04:30:45,288 mobileraker.QidiPlus4.sync INFO - Received server info: {'jsonrpc': '2.0', 'result': {'klippy_connected': True, 'klippy_state': 'error', 'components': ['secrets', 'template', 'klippy_connection', 'jsonrpc', 'internal_transport', 'application', 'websockets', 'database', 'dbus_manager', 'file_manager', 'authorization', 'klippy_apis', 'shell_command', 'machine', 'data_store', 'proc_stats', 'job_state', 'job_queue', 'history', 'http_client', 'announcements', 'webcam', 'extensions', 'update_manager', 'octoprint_compat'], 'failed_components': [], 'registered_directories': ['config', 'logs', 'gcodes', 'config_examples', 'docs'], 'warnings': [], 'websocket_count': 3, 'moonraker_version': 'v0.10.0-0-g16e530e', 'missing_klippy_requirements': [], 'api_version': [1, 5, 0], 'api_version_string': '1.5.0'}, 'id': 1443}
2026-03-23 04:30:45,289 mobileraker.QidiPlus4.sync WARNING - Klippy was not ready. Trying resync again in 8 seconds...
2026-03-23 04:30:53,291 mobileraker.QidiPlus4.sync INFO - Syncing klippy Objects
2026-03-23 04:30:53,300 mobileraker.QidiPlus4.sync INFO - Received server info: {'jsonrpc': '2.0', 'result': {'klippy_connected': True, 'klippy_state': 'error', 'components': ['secrets', 'template', 'klippy_connection', 'jsonrpc', 'internal_transport', 'application', 'websockets', 'database', 'dbus_manager', 'file_manager', 'authorization', 'klippy_apis', 'shell_command', 'machine', 'data_store', 'proc_stats', 'job_state', 'job_queue', 'history', 'http_client', 'announcements', 'webcam', 'extensions', 'update_manager', 'octoprint_compat'], 'failed_components': [], 'registered_directories': ['config', 'logs', 'gcodes', 'config_examples', 'docs'], 'warnings': [], 'websocket_count': 3, 'moonraker_version': 'v0.10.0-0-g16e530e', 'missing_klippy_requirements': [], 'api_version': [1, 5, 0], 'api_version_string': '1.5.0'}, 'id': 7300}
2026-03-23 04:30:53,303 mobileraker.QidiPlus4.sync WARNING - Klippy was not ready. Trying resync again in 16 seconds...
2026-03-23 04:31:09,306 mobileraker.QidiPlus4.sync INFO - Syncing klippy Objects
2026-03-23 04:31:09,315 mobileraker.QidiPlus4.sync INFO - Received server info: {'jsonrpc': '2.0', 'result': {'klippy_connected': True, 'klippy_state': 'error', 'components': ['secrets', 'template', 'klippy_connection', 'jsonrpc', 'internal_transport', 'application', 'websockets', 'database', 'dbus_manager', 'file_manager', 'authorization', 'klippy_apis', 'shell_command', 'machine', 'data_store', 'proc_stats', 'job_state', 'job_queue', 'history', 'http_client', 'announcements', 'webcam', 'extensions', 'update_manager', 'octoprint_compat'], 'failed_components': [], 'registered_directories': ['config', 'logs', 'gcodes', 'config_examples', 'docs'], 'warnings': [], 'websocket_count': 3, 'moonraker_version': 'v0.10.0-0-g16e530e', 'missing_klippy_requirements': [], 'api_version': [1, 5, 0], 'api_version_string': '1.5.0'}, 'id': 146}
2026-03-23 04:31:09,318 mobileraker.QidiPlus4.sync WARNING - Klippy was not ready. Trying resync again in 32 seconds...
2026-03-23 04:31:41,321 mobileraker.QidiPlus4.sync INFO - Syncing klippy Objects
2026-03-23 04:31:41,330 mobileraker.QidiPlus4.sync INFO - Received server info: {'jsonrpc': '2.0', 'result': {'klippy_connected': True, 'klippy_state': 'error', 'components': ['secrets', 'template', 'klippy_connection', 'jsonrpc', 'internal_transport', 'application', 'websockets', 'database', 'dbus_manager', 'file_manager', 'authorization', 'klippy_apis', 'shell_command', 'machine', 'data_store', 'proc_stats', 'job_state', 'job_queue', 'history', 'http_client', 'announcements', 'webcam', 'extensions', 'update_manager', 'octoprint_compat'], 'failed_components': [], 'registered_directories': ['config', 'logs', 'gcodes', 'config_examples', 'docs'], 'warnings': [], 'websocket_count': 3, 'moonraker_version': 'v0.10.0-0-g16e530e', 'missing_klippy_requirements': [], 'api_version': [1, 5, 0], 'api_version_string': '1.5.0'}, 'id': 3863}
2026-03-23 04:31:41,333 mobileraker.QidiPlus4.sync WARNING - Klippy was not ready. Trying resync again in 64 seconds...
2026-03-23 04:32:45,336 mobileraker.QidiPlus4.sync INFO - Syncing klippy Objects
2026-03-23 04:32:45,345 mobileraker.QidiPlus4.sync INFO - Received server info: {'jsonrpc': '2.0', 'result': {'klippy_connected': True, 'klippy_state': 'error', 'components': ['secrets', 'template', 'klippy_connection', 'jsonrpc', 'internal_transport', 'application', 'websockets', 'database', 'dbus_manager', 'file_manager', 'authorization', 'klippy_apis', 'shell_command', 'machine', 'data_store', 'proc_stats', 'job_state', 'job_queue', 'history', 'http_client', 'announcements', 'webcam', 'extensions', 'update_manager', 'octoprint_compat'], 'failed_components': [], 'registered_directories': ['config', 'logs', 'gcodes', 'config_examples', 'docs'], 'warnings': [], 'websocket_count': 3, 'moonraker_version': 'v0.10.0-0-g16e530e', 'missing_klippy_requirements': [], 'api_version': [1, 5, 0], 'api_version_string': '1.5.0'}, 'id': 8653}
2026-03-23 04:32:45,348 mobileraker.QidiPlus4.sync WARNING - Klippy was not ready. Trying resync again in 128 seconds...
2026-03-23 04:34:12,789 mobileraker.QidiPlus4.sync INFO - Moonraker's connection to Klippy has terminated/disconnected
2026-03-23 04:34:18,345 mobileraker.QidiPlus4.sync INFO - Klippy has reported a ready state
2026-03-23 04:34:18,348 mobileraker.QidiPlus4.sync INFO - Doing a (Re)Sync with moonraker
2026-03-23 04:34:18,349 mobileraker.QidiPlus4.sync INFO - Syncing klippy Objects
2026-03-23 04:34:18,362 mobileraker.QidiPlus4.sync INFO - Received server info: {'jsonrpc': '2.0', 'result': {'klippy_connected': True, 'klippy_state': 'ready', 'components': ['secrets', 'template', 'klippy_connection', 'jsonrpc', 'internal_transport', 'application', 'websockets', 'database', 'dbus_manager', 'file_manager', 'authorization', 'klippy_apis', 'shell_command', 'machine', 'data_store', 'proc_stats', 'job_state', 'job_queue', 'history', 'http_client', 'announcements', 'webcam', 'extensions', 'update_manager', 'octoprint_compat'], 'failed_components': [], 'registered_directories': ['config', 'logs', 'gcodes', 'config_examples', 'docs'], 'warnings': [], 'websocket_count': 3, 'moonraker_version': 'v0.10.0-0-g16e530e', 'missing_klippy_requirements': [], 'api_version': [1, 5, 0], 'api_version_string': '1.5.0'}, 'id': 9906}
2026-03-23 04:34:18,365 mobileraker.QidiPlus4.sync INFO - Syncing printer Objects
2026-03-23 04:34:18,377 mobileraker.QidiPlus4.sync INFO - Subscribing to printer Objects: dict_keys(['gcode_move', 'print_stats', 'virtual_sdcard', 'display_status', 'filament_switch_sensor filament_tangle_sensor', 'toolhead'])
2026-03-23 04:34:18,588 mobileraker.QidiPlus4.sync INFO - Subscribing to printer Objects
2026-03-23 04:34:18,592 mobileraker.QidiPlus4.sync INFO - Subscribed to printer Objects
2026-03-23 04:34:18,594 mobileraker.QidiPlus4.sync INFO - (Re)Sync completed
2026-03-23 04:34:18,596 mobileraker.QidiPlus4 INFO - State changed. Evaluating!
2026-03-23 04:34:18,598 mobileraker.QidiPlus4 INFO - Snapshot passed threshold. LastSnap: PrinterSnapshot(timestamp=2026-03-23T04:30:31.786992,klippy_ready=False, print_state=error, m117=None, m117_hash=, virtual_sdcard=VirtualSDCard (progress: 0.000000, file_position: 0), print_stats=PrintStats (filename: , total_duration: 0.0, print_duration: 0.0, state: standby, message: ), current_file=None, toolhead=<mobileraker.data.dtos.moonraker.printer_objects.Toolhead object at 0xffffa2935e10>, gcode_move=<mobileraker.data.dtos.moonraker.printer_objects.GCodeMove object at 0xffffa2957a50>, gcode_response=None, gcode_response_hash=, timelapse_pause=None, filament_sensors=FilamentSensor(name=filament_tangle_sensor, kind=filament_switch_sensor, enabled=True, filament_detected=True)), NewSnap: PrinterSnapshot(timestamp=2026-03-23T04:34:18.590949,klippy_ready=True, print_state=standby, m117=None, m117_hash=, virtual_sdcard=VirtualSDCard (progress: 0.000000, file_position: 0), print_stats=PrintStats (filename: , total_duration: 0.0, print_duration: 0.0, state: standby, message: ), current_file=None, toolhead=<mobileraker.data.dtos.moonraker.printer_objects.Toolhead object at 0xffffa2957bd0>, gcode_move=<mobileraker.data.dtos.moonraker.printer_objects.GCodeMove object at 0xffffa2957e10>, gcode_response=None, gcode_response_hash=, timelapse_pause=None, filament_sensors=FilamentSensor(name=filament_tangle_sensor, kind=filament_switch_sensor, enabled=True, filament_detected=False))
2026-03-23 04:34:18,617 mobileraker.QidiPlus4 INFO - Fetched 0 app Cfgs!
2026-03-23 04:34:18,620 mobileraker.QidiPlus4 INFO - ---- Completed Evaluations Task! ----
2026-03-23 04:34:53,350 mobileraker.QidiPlus4.sync INFO - Syncing klippy Objects
2026-03-23 04:34:53,360 mobileraker.QidiPlus4.sync INFO - Received server info: {'jsonrpc': '2.0', 'result': {'klippy_connected': True, 'klippy_state': 'ready', 'components': ['secrets', 'template', 'klippy_connection', 'jsonrpc', 'internal_transport', 'application', 'websockets', 'database', 'dbus_manager', 'file_manager', 'authorization', 'klippy_apis', 'shell_command', 'machine', 'data_store', 'proc_stats', 'job_state', 'job_queue', 'history', 'http_client', 'announcements', 'webcam', 'extensions', 'update_manager', 'octoprint_compat'], 'failed_components': [], 'registered_directories': ['config', 'logs', 'gcodes', 'config_examples', 'docs'], 'warnings': [], 'websocket_count': 3, 'moonraker_version': 'v0.10.0-0-g16e530e', 'missing_klippy_requirements': [], 'api_version': [1, 5, 0], 'api_version_string': '1.5.0'}, 'id': 1510}
2026-03-23 04:34:53,362 mobileraker.QidiPlus4.sync INFO - Syncing printer Objects
2026-03-23 04:34:53,377 mobileraker.QidiPlus4.sync INFO - Subscribing to printer Objects: dict_keys(['gcode_move', 'print_stats', 'virtual_sdcard', 'display_status', 'filament_switch_sensor filament_tangle_sensor', 'toolhead'])
2026-03-23 04:34:53,439 mobileraker.QidiPlus4.sync WARNING - Not subscribing to updates because either klippy was not ready or session already subed. klippy_ready: True, _queried_for_session: True
2026-03-23 04:34:53,440 mobileraker.QidiPlus4.sync INFO - (Re)Sync completed
2026-03-23 04:34:53,444 mobileraker.QidiPlus4 INFO - Filament sensor "filament_tangle_sensor" triggered. Evaluating!
2026-03-23 04:34:53,445 mobileraker.QidiPlus4 INFO - Snapshot passed threshold. LastSnap: PrinterSnapshot(timestamp=2026-03-23T04:34:18.590949,klippy_ready=True, print_state=standby, m117=None, m117_hash=, virtual_sdcard=VirtualSDCard (progress: 0.000000, file_position: 0), print_stats=PrintStats (filename: , total_duration: 0.0, print_duration: 0.0, state: standby, message: ), current_file=None, toolhead=<mobileraker.data.dtos.moonraker.printer_objects.Toolhead object at 0xffffa2957bd0>, gcode_move=<mobileraker.data.dtos.moonraker.printer_objects.GCodeMove object at 0xffffa2957e10>, gcode_response=None, gcode_response_hash=, timelapse_pause=None, filament_sensors=FilamentSensor(name=filament_tangle_sensor, kind=filament_switch_sensor, enabled=True, filament_detected=False)), NewSnap: PrinterSnapshot(timestamp=2026-03-23T04:34:53.442602,klippy_ready=True, print_state=standby, m117=None, m117_hash=, virtual_sdcard=VirtualSDCard (progress: 0.000000, file_position: 0), print_stats=PrintStats (filename: , total_duration: 0.0, print_duration: 0.0, state: standby, message: ), current_file=None, toolhead=<mobileraker.data.dtos.moonraker.printer_objects.Toolhead object at 0xffffa2972110>, gcode_move=<mobileraker.data.dtos.moonraker.printer_objects.GCodeMove object at 0xffffa2936d50>, gcode_response=None, gcode_response_hash=, timelapse_pause=None, filament_sensors=FilamentSensor(name=filament_tangle_sensor, kind=filament_switch_sensor, enabled=True, filament_detected=True))
2026-03-23 04:34:53,457 mobileraker.QidiPlus4 INFO - Fetched 0 app Cfgs!
2026-03-23 04:34:53,459 mobileraker.QidiPlus4 INFO - ---- Completed Evaluations Task! ----
2026-03-23 04:44:58,590 mobileraker.QidiPlus4 INFO - Time-Interval reached. Evaluating!
2026-03-23 04:44:58,592 mobileraker.QidiPlus4 INFO - Snapshot passed threshold. LastSnap: PrinterSnapshot(timestamp=2026-03-23T04:34:53.442602,klippy_ready=True, print_state=standby, m117=None, m117_hash=, virtual_sdcard=VirtualSDCard (progress: 0.000000, file_position: 0), print_stats=PrintStats (filename: , total_duration: 0.0, print_duration: 0.0, state: standby, message: ), current_file=None, toolhead=<mobileraker.data.dtos.moonraker.printer_objects.Toolhead object at 0xffffa2972110>, gcode_move=<mobileraker.data.dtos.moonraker.printer_objects.GCodeMove object at 0xffffa2936d50>, gcode_response=None, gcode_response_hash=, timelapse_pause=None, filament_sensors=FilamentSensor(name=filament_tangle_sensor, kind=filament_switch_sensor, enabled=True, filament_detected=True)), NewSnap: PrinterSnapshot(timestamp=2026-03-23T04:44:58.589066,klippy_ready=True, print_state=standby, m117=None, m117_hash=, virtual_sdcard=VirtualSDCard (progress: 0.000000, file_position: 0), print_stats=PrintStats (filename: , total_duration: 0.0, print_duration: 0.0, state: standby, message: ), current_file=None, toolhead=<mobileraker.data.dtos.moonraker.printer_objects.Toolhead object at 0xffffa2957510>, gcode_move=<mobileraker.data.dtos.moonraker.printer_objects.GCodeMove object at 0xffffa2936d50>, gcode_response=None, gcode_response_hash=, timelapse_pause=None, filament_sensors=FilamentSensor(name=filament_tangle_sensor, kind=filament_switch_sensor, enabled=True, filament_detected=True))
2026-03-23 04:44:58,604 mobileraker.QidiPlus4 INFO - Fetched 0 app Cfgs!
2026-03-23 04:44:58,605 mobileraker.QidiPlus4 INFO - ---- Completed Evaluations Task! ----
2026-03-23 04:46:34,778 mobileraker.QidiPlus4.sync INFO - Moonraker's connection to Klippy has terminated/disconnected
2026-03-23 04:46:34,781 mobileraker.QidiPlus4 INFO - State changed. Evaluating!
2026-03-23 04:46:34,782 mobileraker.QidiPlus4 INFO - Snapshot passed threshold. LastSnap: PrinterSnapshot(timestamp=2026-03-23T04:44:58.589066,klippy_ready=True, print_state=standby, m117=None, m117_hash=, virtual_sdcard=VirtualSDCard (progress: 0.000000, file_position: 0), print_stats=PrintStats (filename: , total_duration: 0.0, print_duration: 0.0, state: standby, message: ), current_file=None, toolhead=<mobileraker.data.dtos.moonraker.printer_objects.Toolhead object at 0xffffa2957510>, gcode_move=<mobileraker.data.dtos.moonraker.printer_objects.GCodeMove object at 0xffffa2936d50>, gcode_response=None, gcode_response_hash=, timelapse_pause=None, filament_sensors=FilamentSensor(name=filament_tangle_sensor, kind=filament_switch_sensor, enabled=True, filament_detected=True)), NewSnap: PrinterSnapshot(timestamp=2026-03-23T04:46:34.779588,klippy_ready=False, print_state=error, m117=None, m117_hash=, virtual_sdcard=VirtualSDCard (progress: 0.000000, file_position: 0), print_stats=PrintStats (filename: , total_duration: 0.0, print_duration: 0.0, state: standby, message: ), current_file=None, toolhead=<mobileraker.data.dtos.moonraker.printer_objects.Toolhead object at 0xffffa2957c10>, gcode_move=<mobileraker.data.dtos.moonraker.printer_objects.GCodeMove object at 0xffffa2936d50>, gcode_response=Klipper state: Disconnect, gcode_response_hash=b52d262c5102573d0930a152bf300b9b02af316eda660d308f62b504fc4eb11f, timelapse_pause=None, filament_sensors=FilamentSensor(name=filament_tangle_sensor, kind=filament_switch_sensor, enabled=True, filament_detected=True))
2026-03-23 04:46:34,788 mobileraker.QidiPlus4 INFO - Fetched 0 app Cfgs!
2026-03-23 04:46:34,789 mobileraker.QidiPlus4 INFO - ---- Completed Evaluations Task! ----
2026-03-23 04:46:40,702 mobileraker.QidiPlus4.sync INFO - Klippy has reported a ready state
2026-03-23 04:46:40,704 mobileraker.QidiPlus4.sync INFO - Doing a (Re)Sync with moonraker
2026-03-23 04:46:40,705 mobileraker.QidiPlus4.sync INFO - Syncing klippy Objects
2026-03-23 04:46:40,711 mobileraker.QidiPlus4.sync INFO - Received server info: {'jsonrpc': '2.0', 'result': {'klippy_connected': True, 'klippy_state': 'ready', 'components': ['secrets', 'template', 'klippy_connection', 'jsonrpc', 'internal_transport', 'application', 'websockets', 'database', 'dbus_manager', 'file_manager', 'authorization', 'klippy_apis', 'shell_command', 'machine', 'data_store', 'proc_stats', 'job_state', 'job_queue', 'history', 'http_client', 'announcements', 'webcam', 'extensions', 'update_manager', 'octoprint_compat'], 'failed_components': [], 'registered_directories': ['config', 'logs', 'gcodes', 'config_examples', 'docs'], 'warnings': [], 'websocket_count': 3, 'moonraker_version': 'v0.10.0-0-g16e530e', 'missing_klippy_requirements': [], 'api_version': [1, 5, 0], 'api_version_string': '1.5.0'}, 'id': 4576}
2026-03-23 04:46:40,713 mobileraker.QidiPlus4.sync INFO - Syncing printer Objects
2026-03-23 04:46:40,720 mobileraker.QidiPlus4.sync INFO - Subscribing to printer Objects: dict_keys(['gcode_move', 'print_stats', 'virtual_sdcard', 'display_status', 'filament_switch_sensor filament_tangle_sensor', 'toolhead'])
2026-03-23 04:46:40,942 mobileraker.QidiPlus4.sync INFO - Subscribing to printer Objects
2026-03-23 04:46:40,944 mobileraker.QidiPlus4.sync INFO - Subscribed to printer Objects
2026-03-23 04:46:40,945 mobileraker.QidiPlus4.sync INFO - (Re)Sync completed
2026-03-23 04:46:40,946 mobileraker.QidiPlus4 INFO - State changed. Evaluating!
2026-03-23 04:46:40,947 mobileraker.QidiPlus4 INFO - Snapshot passed threshold. LastSnap: PrinterSnapshot(timestamp=2026-03-23T04:46:34.779588,klippy_ready=False, print_state=error, m117=None, m117_hash=, virtual_sdcard=VirtualSDCard (progress: 0.000000, file_position: 0), print_stats=PrintStats (filename: , total_duration: 0.0, print_duration: 0.0, state: standby, message: ), current_file=None, toolhead=<mobileraker.data.dtos.moonraker.printer_objects.Toolhead object at 0xffffa2957c10>, gcode_move=<mobileraker.data.dtos.moonraker.printer_objects.GCodeMove object at 0xffffa2936d50>, gcode_response=Klipper state: Disconnect, gcode_response_hash=b52d262c5102573d0930a152bf300b9b02af316eda660d308f62b504fc4eb11f, timelapse_pause=None, filament_sensors=FilamentSensor(name=filament_tangle_sensor, kind=filament_switch_sensor, enabled=True, filament_detected=True)), NewSnap: PrinterSnapshot(timestamp=2026-03-23T04:46:40.943865,klippy_ready=True, print_state=standby, m117=None, m117_hash=, virtual_sdcard=VirtualSDCard (progress: 0.000000, file_position: 0), print_stats=PrintStats (filename: , total_duration: 0.0, print_duration: 0.0, state: standby, message: ), current_file=None, toolhead=<mobileraker.data.dtos.moonraker.printer_objects.Toolhead object at 0xffffa2972490>, gcode_move=<mobileraker.data.dtos.moonraker.printer_objects.GCodeMove object at 0xffffa2957790>, gcode_response=None, gcode_response_hash=, timelapse_pause=None, filament_sensors=FilamentSensor(name=filament_tangle_sensor, kind=filament_switch_sensor, enabled=True, filament_detected=False))
2026-03-23 04:46:40,954 mobileraker.QidiPlus4 INFO - Fetched 0 app Cfgs!
2026-03-23 04:46:40,955 mobileraker.QidiPlus4 INFO - ---- Completed Evaluations Task! ----
2026-03-23 04:51:17,920 mobileraker.QidiPlus4.jrpc INFO - websocket closed ?????...
2026-03-23 04:51:17,921 mobileraker.QidiPlus4.jrpc INFO - Notifying listeners about connection state False
2026-03-23 04:51:17,922 mobileraker.QidiPlus4.sync INFO - Connection state changed to <is_connected: False>
2026-03-23 04:51:17,927 websockets.client INFO - ! connect failed; reconnecting in 4.3 seconds
Traceback (most recent call last):
  File "/home/mks/mobileraker-env/lib/python3.11/site-packages/websockets/legacy/client.py", line 598, in __aiter__
    async with self as protocol:
  File "/home/mks/mobileraker-env/lib/python3.11/site-packages/websockets/legacy/client.py", line 633, in __aenter__
    return await self
           ^^^^^^^^^^
  File "/home/mks/mobileraker-env/lib/python3.11/site-packages/websockets/legacy/client.py", line 650, in __await_impl_timeout__
    return await asyncio.wait_for(self.__await_impl__(), self.open_timeout)
           ^^^^^^^^^^^^^^^^^^^^^^^^^^^^^^^^^^^^^^^^^^^^^^^^^^^^^^^^^^^^^^^^
  File "/usr/lib/python3.11/asyncio/tasks.py", line 479, in wait_for
    return fut.result()
           ^^^^^^^^^^^^
  File "/home/mks/mobileraker-env/lib/python3.11/site-packages/websockets/legacy/client.py", line 654, in __await_impl__
    transport, protocol = await self._create_connection()
                          ^^^^^^^^^^^^^^^^^^^^^^^^^^^^^^^
  File "/usr/lib/python3.11/asyncio/base_events.py", line 1085, in create_connection
    raise exceptions[0]
  File "/usr/lib/python3.11/asyncio/base_events.py", line 1069, in create_connection
    sock = await self._connect_sock(
           ^^^^^^^^^^^^^^^^^^^^^^^^^
  File "/usr/lib/python3.11/asyncio/base_events.py", line 973, in _connect_sock
    await self.sock_connect(sock, address)
  File "/usr/lib/python3.11/asyncio/selector_events.py", line 634, in sock_connect
    return await fut
           ^^^^^^^^^
  File "/usr/lib/python3.11/asyncio/selector_events.py", line 674, in _sock_connect_cb
    raise OSError(err, f'Connect call failed {address}')
ConnectionRefusedError: [Errno 111] Connect call failed ('127.0.0.1', 7125)
2026-03-23 04:51:22,241 websockets.client INFO - ! connect failed again; retrying in 3 seconds
Traceback (most recent call last):
  File "/home/mks/mobileraker-env/lib/python3.11/site-packages/websockets/legacy/client.py", line 598, in __aiter__
    async with self as protocol:
  File "/home/mks/mobileraker-env/lib/python3.11/site-packages/websockets/legacy/client.py", line 633, in __aenter__
    return await self
           ^^^^^^^^^^
  File "/home/mks/mobileraker-env/lib/python3.11/site-packages/websockets/legacy/client.py", line 650, in __await_impl_timeout__
    return await asyncio.wait_for(self.__await_impl__(), self.open_timeout)
           ^^^^^^^^^^^^^^^^^^^^^^^^^^^^^^^^^^^^^^^^^^^^^^^^^^^^^^^^^^^^^^^^
  File "/usr/lib/python3.11/asyncio/tasks.py", line 479, in wait_for
    return fut.result()
           ^^^^^^^^^^^^
  File "/home/mks/mobileraker-env/lib/python3.11/site-packages/websockets/legacy/client.py", line 654, in __await_impl__
    transport, protocol = await self._create_connection()
                          ^^^^^^^^^^^^^^^^^^^^^^^^^^^^^^^
  File "/usr/lib/python3.11/asyncio/base_events.py", line 1085, in create_connection
    raise exceptions[0]
  File "/usr/lib/python3.11/asyncio/base_events.py", line 1069, in create_connection
    sock = await self._connect_sock(
           ^^^^^^^^^^^^^^^^^^^^^^^^^
  File "/usr/lib/python3.11/asyncio/base_events.py", line 973, in _connect_sock
    await self.sock_connect(sock, address)
  File "/usr/lib/python3.11/asyncio/selector_events.py", line 634, in sock_connect
    return await fut
           ^^^^^^^^^
  File "/usr/lib/python3.11/asyncio/selector_events.py", line 674, in _sock_connect_cb
    raise OSError(err, f'Connect call failed {address}')
ConnectionRefusedError: [Errno 111] Connect call failed ('127.0.0.1', 7125)
2026-03-23 04:51:25,256 mobileraker.QidiPlus4.jrpc INFO - WebSocket connected
2026-03-23 04:51:25,257 mobileraker.QidiPlus4.jrpc INFO - Notifying listeners about connection state True
2026-03-23 04:51:25,258 mobileraker.QidiPlus4.sync INFO - Connection state changed to <is_connected: True>
2026-03-23 04:51:25,259 mobileraker.QidiPlus4.sync INFO - Doing a (Re)Sync with moonraker
2026-03-23 04:51:25,260 mobileraker.QidiPlus4.sync INFO - Syncing klippy Objects
2026-03-23 04:51:25,279 mobileraker.QidiPlus4.sync INFO - Received server info: {'jsonrpc': '2.0', 'result': {'klippy_connected': True, 'klippy_state': 'ready', 'components': ['secrets', 'template', 'klippy_connection', 'jsonrpc', 'internal_transport', 'application', 'websockets', 'database', 'dbus_manager', 'file_manager', 'authorization', 'klippy_apis', 'shell_command', 'machine', 'data_store', 'proc_stats', 'job_state', 'job_queue', 'history', 'http_client', 'announcements', 'webcam', 'extensions', 'update_manager', 'spoolman', 'octoprint_compat'], 'failed_components': [], 'registered_directories': ['config', 'logs', 'gcodes', 'config_examples', 'docs'], 'warnings': [], 'websocket_count': 2, 'moonraker_version': 'v0.10.0-0-g16e530e', 'missing_klippy_requirements': [], 'api_version': [1, 5, 0], 'api_version_string': '1.5.0'}, 'id': 1252}
2026-03-23 04:51:25,281 mobileraker.QidiPlus4.sync INFO - Syncing printer Objects
2026-03-23 04:51:25,283 mobileraker.QidiPlus4 INFO - Updated companion meta data in moonraker database
2026-03-23 04:51:25,290 mobileraker.QidiPlus4.sync INFO - Subscribing to printer Objects: dict_keys(['gcode_move', 'print_stats', 'virtual_sdcard', 'display_status', 'filament_switch_sensor filament_tangle_sensor', 'toolhead'])
2026-03-23 04:51:25,309 mobileraker.QidiPlus4.sync INFO - Subscribing to printer Objects
2026-03-23 04:51:25,311 mobileraker.QidiPlus4.sync INFO - Subscribed to printer Objects
2026-03-23 04:51:25,312 mobileraker.QidiPlus4.sync INFO - (Re)Sync completed
2026-03-23 04:51:25,313 mobileraker.QidiPlus4 INFO - Filament sensor "filament_tangle_sensor" triggered. Evaluating!
2026-03-23 04:51:25,314 mobileraker.QidiPlus4 INFO - Snapshot passed threshold. LastSnap: PrinterSnapshot(timestamp=2026-03-23T04:46:40.943865,klippy_ready=True, print_state=standby, m117=None, m117_hash=, virtual_sdcard=VirtualSDCard (progress: 0.000000, file_position: 0), print_stats=PrintStats (filename: , total_duration: 0.0, print_duration: 0.0, state: standby, message: ), current_file=None, toolhead=<mobileraker.data.dtos.moonraker.printer_objects.Toolhead object at 0xffffa2972490>, gcode_move=<mobileraker.data.dtos.moonraker.printer_objects.GCodeMove object at 0xffffa2957790>, gcode_response=None, gcode_response_hash=, timelapse_pause=None, filament_sensors=FilamentSensor(name=filament_tangle_sensor, kind=filament_switch_sensor, enabled=True, filament_detected=False)), NewSnap: PrinterSnapshot(timestamp=2026-03-23T04:51:25.310415,klippy_ready=True, print_state=standby, m117=None, m117_hash=, virtual_sdcard=VirtualSDCard (progress: 0.000000, file_position: 0), print_stats=PrintStats (filename: , total_duration: 0.0, print_duration: 0.0, state: standby, message: ), current_file=None, toolhead=<mobileraker.data.dtos.moonraker.printer_objects.Toolhead object at 0xffffa2971410>, gcode_move=<mobileraker.data.dtos.moonraker.printer_objects.GCodeMove object at 0xffffa29702d0>, gcode_response=None, gcode_response_hash=, timelapse_pause=None, filament_sensors=FilamentSensor(name=filament_tangle_sensor, kind=filament_switch_sensor, enabled=True, filament_detected=True))
2026-03-23 04:51:25,320 mobileraker.QidiPlus4 INFO - Fetched 0 app Cfgs!
2026-03-23 04:51:25,320 mobileraker.QidiPlus4 INFO - ---- Completed Evaluations Task! ----
2026-03-23 05:01:30,454 mobileraker.QidiPlus4 INFO - Time-Interval reached. Evaluating!
2026-03-23 05:01:30,456 mobileraker.QidiPlus4 INFO - Snapshot passed threshold. LastSnap: PrinterSnapshot(timestamp=2026-03-23T04:51:25.310415,klippy_ready=True, print_state=standby, m117=None, m117_hash=, virtual_sdcard=VirtualSDCard (progress: 0.000000, file_position: 0), print_stats=PrintStats (filename: , total_duration: 0.0, print_duration: 0.0, state: standby, message: ), current_file=None, toolhead=<mobileraker.data.dtos.moonraker.printer_objects.Toolhead object at 0xffffa2971410>, gcode_move=<mobileraker.data.dtos.moonraker.printer_objects.GCodeMove object at 0xffffa29702d0>, gcode_response=None, gcode_response_hash=, timelapse_pause=None, filament_sensors=FilamentSensor(name=filament_tangle_sensor, kind=filament_switch_sensor, enabled=True, filament_detected=True)), NewSnap: PrinterSnapshot(timestamp=2026-03-23T05:01:30.453385,klippy_ready=True, print_state=standby, m117=None, m117_hash=, virtual_sdcard=VirtualSDCard (progress: 0.000000, file_position: 0), print_stats=PrintStats (filename: , total_duration: 0.0, print_duration: 0.0, state: standby, message: ), current_file=None, toolhead=<mobileraker.data.dtos.moonraker.printer_objects.Toolhead object at 0xffffa2973590>, gcode_move=<mobileraker.data.dtos.moonraker.printer_objects.GCodeMove object at 0xffffa29702d0>, gcode_response=None, gcode_response_hash=, timelapse_pause=None, filament_sensors=FilamentSensor(name=filament_tangle_sensor, kind=filament_switch_sensor, enabled=True, filament_detected=True))
2026-03-23 05:01:30,465 mobileraker.QidiPlus4 INFO - Fetched 0 app Cfgs!
2026-03-23 05:01:30,466 mobileraker.QidiPlus4 INFO - ---- Completed Evaluations Task! ----
2026-03-23 05:11:35,591 mobileraker.QidiPlus4 INFO - Time-Interval reached. Evaluating!
2026-03-23 05:11:35,597 mobileraker.QidiPlus4 INFO - Snapshot passed threshold. LastSnap: PrinterSnapshot(timestamp=2026-03-23T05:01:30.453385,klippy_ready=True, print_state=standby, m117=None, m117_hash=, virtual_sdcard=VirtualSDCard (progress: 0.000000, file_position: 0), print_stats=PrintStats (filename: , total_duration: 0.0, print_duration: 0.0, state: standby, message: ), current_file=None, toolhead=<mobileraker.data.dtos.moonraker.printer_objects.Toolhead object at 0xffffa2973590>, gcode_move=<mobileraker.data.dtos.moonraker.printer_objects.GCodeMove object at 0xffffa29702d0>, gcode_response=None, gcode_response_hash=, timelapse_pause=None, filament_sensors=FilamentSensor(name=filament_tangle_sensor, kind=filament_switch_sensor, enabled=True, filament_detected=True)), NewSnap: PrinterSnapshot(timestamp=2026-03-23T05:11:35.590425,klippy_ready=True, print_state=standby, m117=None, m117_hash=, virtual_sdcard=VirtualSDCard (progress: 0.000000, file_position: 0), print_stats=PrintStats (filename: , total_duration: 0.0, print_duration: 0.0, state: standby, message: ), current_file=None, toolhead=<mobileraker.data.dtos.moonraker.printer_objects.Toolhead object at 0xffffa2973250>, gcode_move=<mobileraker.data.dtos.moonraker.printer_objects.GCodeMove object at 0xffffa29702d0>, gcode_response=None, gcode_response_hash=, timelapse_pause=None, filament_sensors=FilamentSensor(name=filament_tangle_sensor, kind=filament_switch_sensor, enabled=True, filament_detected=True))
2026-03-23 05:11:35,606 mobileraker.QidiPlus4 INFO - Fetched 0 app Cfgs!
2026-03-23 05:11:35,607 mobileraker.QidiPlus4 INFO - ---- Completed Evaluations Task! ----
2026-03-23 05:21:40,730 mobileraker.QidiPlus4 INFO - Time-Interval reached. Evaluating!
2026-03-23 05:21:40,732 mobileraker.QidiPlus4 INFO - Snapshot passed threshold. LastSnap: PrinterSnapshot(timestamp=2026-03-23T05:11:35.590425,klippy_ready=True, print_state=standby, m117=None, m117_hash=, virtual_sdcard=VirtualSDCard (progress: 0.000000, file_position: 0), print_stats=PrintStats (filename: , total_duration: 0.0, print_duration: 0.0, state: standby, message: ), current_file=None, toolhead=<mobileraker.data.dtos.moonraker.printer_objects.Toolhead object at 0xffffa2973250>, gcode_move=<mobileraker.data.dtos.moonraker.printer_objects.GCodeMove object at 0xffffa29702d0>, gcode_response=None, gcode_response_hash=, timelapse_pause=None, filament_sensors=FilamentSensor(name=filament_tangle_sensor, kind=filament_switch_sensor, enabled=True, filament_detected=True)), NewSnap: PrinterSnapshot(timestamp=2026-03-23T05:21:40.728221,klippy_ready=True, print_state=standby, m117=None, m117_hash=, virtual_sdcard=VirtualSDCard (progress: 0.000000, file_position: 0), print_stats=PrintStats (filename: , total_duration: 0.0, print_duration: 0.0, state: standby, message: ), current_file=None, toolhead=<mobileraker.data.dtos.moonraker.printer_objects.Toolhead object at 0xffffa2970d10>, gcode_move=<mobileraker.data.dtos.moonraker.printer_objects.GCodeMove object at 0xffffa29702d0>, gcode_response=None, gcode_response_hash=, timelapse_pause=None, filament_sensors=FilamentSensor(name=filament_tangle_sensor, kind=filament_switch_sensor, enabled=True, filament_detected=True))
2026-03-23 05:21:40,744 mobileraker.QidiPlus4 INFO - Fetched 0 app Cfgs!
2026-03-23 05:21:40,746 mobileraker.QidiPlus4 INFO - ---- Completed Evaluations Task! ----
2026-03-23 05:31:45,917 mobileraker.QidiPlus4 INFO - Time-Interval reached. Evaluating!
2026-03-23 05:31:45,918 mobileraker.QidiPlus4 INFO - Snapshot passed threshold. LastSnap: PrinterSnapshot(timestamp=2026-03-23T05:21:40.728221,klippy_ready=True, print_state=standby, m117=None, m117_hash=, virtual_sdcard=VirtualSDCard (progress: 0.000000, file_position: 0), print_stats=PrintStats (filename: , total_duration: 0.0, print_duration: 0.0, state: standby, message: ), current_file=None, toolhead=<mobileraker.data.dtos.moonraker.printer_objects.Toolhead object at 0xffffa2970d10>, gcode_move=<mobileraker.data.dtos.moonraker.printer_objects.GCodeMove object at 0xffffa29702d0>, gcode_response=None, gcode_response_hash=, timelapse_pause=None, filament_sensors=FilamentSensor(name=filament_tangle_sensor, kind=filament_switch_sensor, enabled=True, filament_detected=True)), NewSnap: PrinterSnapshot(timestamp=2026-03-23T05:31:45.915402,klippy_ready=True, print_state=standby, m117=None, m117_hash=, virtual_sdcard=VirtualSDCard (progress: 0.000000, file_position: 0), print_stats=PrintStats (filename: , total_duration: 0.0, print_duration: 0.0, state: standby, message: ), current_file=None, toolhead=<mobileraker.data.dtos.moonraker.printer_objects.Toolhead object at 0xffffa2970d50>, gcode_move=<mobileraker.data.dtos.moonraker.printer_objects.GCodeMove object at 0xffffa29702d0>, gcode_response=None, gcode_response_hash=, timelapse_pause=None, filament_sensors=FilamentSensor(name=filament_tangle_sensor, kind=filament_switch_sensor, enabled=True, filament_detected=True))
2026-03-23 05:31:45,930 mobileraker.QidiPlus4 INFO - Fetched 0 app Cfgs!
2026-03-23 05:31:45,932 mobileraker.QidiPlus4 INFO - ---- Completed Evaluations Task! ----
2026-03-23 05:41:51,066 mobileraker.QidiPlus4 INFO - Time-Interval reached. Evaluating!
2026-03-23 05:41:51,068 mobileraker.QidiPlus4 INFO - Snapshot passed threshold. LastSnap: PrinterSnapshot(timestamp=2026-03-23T05:31:45.915402,klippy_ready=True, print_state=standby, m117=None, m117_hash=, virtual_sdcard=VirtualSDCard (progress: 0.000000, file_position: 0), print_stats=PrintStats (filename: , total_duration: 0.0, print_duration: 0.0, state: standby, message: ), current_file=None, toolhead=<mobileraker.data.dtos.moonraker.printer_objects.Toolhead object at 0xffffa2970d50>, gcode_move=<mobileraker.data.dtos.moonraker.printer_objects.GCodeMove object at 0xffffa29702d0>, gcode_response=None, gcode_response_hash=, timelapse_pause=None, filament_sensors=FilamentSensor(name=filament_tangle_sensor, kind=filament_switch_sensor, enabled=True, filament_detected=True)), NewSnap: PrinterSnapshot(timestamp=2026-03-23T05:41:51.064380,klippy_ready=True, print_state=standby, m117=None, m117_hash=, virtual_sdcard=VirtualSDCard (progress: 0.000000, file_position: 0), print_stats=PrintStats (filename: , total_duration: 0.0, print_duration: 0.0, state: standby, message: ), current_file=None, toolhead=<mobileraker.data.dtos.moonraker.printer_objects.Toolhead object at 0xffffa2973250>, gcode_move=<mobileraker.data.dtos.moonraker.printer_objects.GCodeMove object at 0xffffa29702d0>, gcode_response=None, gcode_response_hash=, timelapse_pause=None, filament_sensors=FilamentSensor(name=filament_tangle_sensor, kind=filament_switch_sensor, enabled=True, filament_detected=True))
2026-03-23 05:41:51,080 mobileraker.QidiPlus4 INFO - Fetched 0 app Cfgs!
2026-03-23 05:41:51,082 mobileraker.QidiPlus4 INFO - ---- Completed Evaluations Task! ----
2026-03-23 05:51:56,218 mobileraker.QidiPlus4 INFO - Time-Interval reached. Evaluating!
2026-03-23 05:51:56,219 mobileraker.QidiPlus4 INFO - Snapshot passed threshold. LastSnap: PrinterSnapshot(timestamp=2026-03-23T05:41:51.064380,klippy_ready=True, print_state=standby, m117=None, m117_hash=, virtual_sdcard=VirtualSDCard (progress: 0.000000, file_position: 0), print_stats=PrintStats (filename: , total_duration: 0.0, print_duration: 0.0, state: standby, message: ), current_file=None, toolhead=<mobileraker.data.dtos.moonraker.printer_objects.Toolhead object at 0xffffa2973250>, gcode_move=<mobileraker.data.dtos.moonraker.printer_objects.GCodeMove object at 0xffffa29702d0>, gcode_response=None, gcode_response_hash=, timelapse_pause=None, filament_sensors=FilamentSensor(name=filament_tangle_sensor, kind=filament_switch_sensor, enabled=True, filament_detected=True)), NewSnap: PrinterSnapshot(timestamp=2026-03-23T05:51:56.216701,klippy_ready=True, print_state=standby, m117=None, m117_hash=, virtual_sdcard=VirtualSDCard (progress: 0.000000, file_position: 0), print_stats=PrintStats (filename: , total_duration: 0.0, print_duration: 0.0, state: standby, message: ), current_file=None, toolhead=<mobileraker.data.dtos.moonraker.printer_objects.Toolhead object at 0xffffa2970d50>, gcode_move=<mobileraker.data.dtos.moonraker.printer_objects.GCodeMove object at 0xffffa29702d0>, gcode_response=None, gcode_response_hash=, timelapse_pause=None, filament_sensors=FilamentSensor(name=filament_tangle_sensor, kind=filament_switch_sensor, enabled=True, filament_detected=True))
2026-03-23 05:51:56,228 mobileraker.QidiPlus4 INFO - Fetched 0 app Cfgs!
2026-03-23 05:51:56,229 mobileraker.QidiPlus4 INFO - ---- Completed Evaluations Task! ----
--------------------MobilerakerCompanion Log Start--------------------
Git Version: v0.5.0-6-g1e866ae
2026-03-23 05:54:20,709 root INFO - MobilerakerCompanion version: v0.5.0-6-g1e866ae
2026-03-23 05:54:20,727 root INFO - Checking if passed config exists: /home/mks/printer_data/config/mobileraker.conf
2026-03-23 05:54:20,728 root INFO - Found configuration file at: /home/mks/printer_data/config/mobileraker.conf
2026-03-23 05:54:20,732 root INFO - Read 1 printer config sections
2026-03-23 05:54:20,742 root INFO - Main section read, language:"en", timezone:"UTC", eta_format:"%d.%m.%Y, %H:%M:%S", include_snapshot:"True"
2026-03-23 05:54:20,745 mobileraker.QidiPlus4 INFO - MobilerakerCompanion client created for QidiPlus4, it will ignore the following sensors: []
2026-03-23 05:54:20,750 root INFO - Starting MobilerakerCompanion for printer: QidiPlus4
2026-03-23 05:54:20,753 mobileraker.QidiPlus4.jrpc INFO - Trying to connect to: ws://127.0.0.1:7125/websocket api key <NO API KEY>
2026-03-23 05:54:20,766 websockets.client INFO - ! connect failed; reconnecting in 1.5 seconds
Traceback (most recent call last):
  File "/home/mks/mobileraker-env/lib/python3.11/site-packages/websockets/legacy/client.py", line 598, in __aiter__
    async with self as protocol:
  File "/home/mks/mobileraker-env/lib/python3.11/site-packages/websockets/legacy/client.py", line 633, in __aenter__
    return await self
           ^^^^^^^^^^
  File "/home/mks/mobileraker-env/lib/python3.11/site-packages/websockets/legacy/client.py", line 650, in __await_impl_timeout__
    return await asyncio.wait_for(self.__await_impl__(), self.open_timeout)
           ^^^^^^^^^^^^^^^^^^^^^^^^^^^^^^^^^^^^^^^^^^^^^^^^^^^^^^^^^^^^^^^^
  File "/usr/lib/python3.11/asyncio/tasks.py", line 479, in wait_for
    return fut.result()
           ^^^^^^^^^^^^
  File "/home/mks/mobileraker-env/lib/python3.11/site-packages/websockets/legacy/client.py", line 654, in __await_impl__
    transport, protocol = await self._create_connection()
                          ^^^^^^^^^^^^^^^^^^^^^^^^^^^^^^^
  File "/usr/lib/python3.11/asyncio/base_events.py", line 1085, in create_connection
    raise exceptions[0]
  File "/usr/lib/python3.11/asyncio/base_events.py", line 1069, in create_connection
    sock = await self._connect_sock(
           ^^^^^^^^^^^^^^^^^^^^^^^^^
  File "/usr/lib/python3.11/asyncio/base_events.py", line 973, in _connect_sock
    await self.sock_connect(sock, address)
  File "/usr/lib/python3.11/asyncio/selector_events.py", line 634, in sock_connect
    return await fut
           ^^^^^^^^^
  File "/usr/lib/python3.11/asyncio/selector_events.py", line 674, in _sock_connect_cb
    raise OSError(err, f'Connect call failed {address}')
ConnectionRefusedError: [Errno 111] Connect call failed ('127.0.0.1', 7125)
2026-03-23 05:54:22,344 websockets.client INFO - ! connect failed again; retrying in 3 seconds
Traceback (most recent call last):
  File "/home/mks/mobileraker-env/lib/python3.11/site-packages/websockets/legacy/client.py", line 598, in __aiter__
    async with self as protocol:
  File "/home/mks/mobileraker-env/lib/python3.11/site-packages/websockets/legacy/client.py", line 633, in __aenter__
    return await self
           ^^^^^^^^^^
  File "/home/mks/mobileraker-env/lib/python3.11/site-packages/websockets/legacy/client.py", line 650, in __await_impl_timeout__
    return await asyncio.wait_for(self.__await_impl__(), self.open_timeout)
           ^^^^^^^^^^^^^^^^^^^^^^^^^^^^^^^^^^^^^^^^^^^^^^^^^^^^^^^^^^^^^^^^
  File "/usr/lib/python3.11/asyncio/tasks.py", line 479, in wait_for
    return fut.result()
           ^^^^^^^^^^^^
  File "/home/mks/mobileraker-env/lib/python3.11/site-packages/websockets/legacy/client.py", line 654, in __await_impl__
    transport, protocol = await self._create_connection()
                          ^^^^^^^^^^^^^^^^^^^^^^^^^^^^^^^
  File "/usr/lib/python3.11/asyncio/base_events.py", line 1085, in create_connection
    raise exceptions[0]
  File "/usr/lib/python3.11/asyncio/base_events.py", line 1069, in create_connection
    sock = await self._connect_sock(
           ^^^^^^^^^^^^^^^^^^^^^^^^^
  File "/usr/lib/python3.11/asyncio/base_events.py", line 973, in _connect_sock
    await self.sock_connect(sock, address)
  File "/usr/lib/python3.11/asyncio/selector_events.py", line 634, in sock_connect
    return await fut
           ^^^^^^^^^
  File "/usr/lib/python3.11/asyncio/selector_events.py", line 674, in _sock_connect_cb
    raise OSError(err, f'Connect call failed {address}')
ConnectionRefusedError: [Errno 111] Connect call failed ('127.0.0.1', 7125)
2026-03-23 05:54:25,368 websockets.client INFO - ! connect failed again; retrying in 5 seconds
Traceback (most recent call last):
  File "/home/mks/mobileraker-env/lib/python3.11/site-packages/websockets/legacy/client.py", line 598, in __aiter__
    async with self as protocol:
  File "/home/mks/mobileraker-env/lib/python3.11/site-packages/websockets/legacy/client.py", line 633, in __aenter__
    return await self
           ^^^^^^^^^^
  File "/home/mks/mobileraker-env/lib/python3.11/site-packages/websockets/legacy/client.py", line 650, in __await_impl_timeout__
    return await asyncio.wait_for(self.__await_impl__(), self.open_timeout)
           ^^^^^^^^^^^^^^^^^^^^^^^^^^^^^^^^^^^^^^^^^^^^^^^^^^^^^^^^^^^^^^^^
  File "/usr/lib/python3.11/asyncio/tasks.py", line 479, in wait_for
    return fut.result()
           ^^^^^^^^^^^^
  File "/home/mks/mobileraker-env/lib/python3.11/site-packages/websockets/legacy/client.py", line 654, in __await_impl__
    transport, protocol = await self._create_connection()
                          ^^^^^^^^^^^^^^^^^^^^^^^^^^^^^^^
  File "/usr/lib/python3.11/asyncio/base_events.py", line 1085, in create_connection
    raise exceptions[0]
  File "/usr/lib/python3.11/asyncio/base_events.py", line 1069, in create_connection
    sock = await self._connect_sock(
           ^^^^^^^^^^^^^^^^^^^^^^^^^
  File "/usr/lib/python3.11/asyncio/base_events.py", line 973, in _connect_sock
    await self.sock_connect(sock, address)
  File "/usr/lib/python3.11/asyncio/selector_events.py", line 634, in sock_connect
    return await fut
           ^^^^^^^^^
  File "/usr/lib/python3.11/asyncio/selector_events.py", line 674, in _sock_connect_cb
    raise OSError(err, f'Connect call failed {address}')
ConnectionRefusedError: [Errno 111] Connect call failed ('127.0.0.1', 7125)
2026-03-23 05:54:30,398 mobileraker.QidiPlus4.jrpc INFO - WebSocket connected
2026-03-23 05:54:30,400 mobileraker.QidiPlus4.jrpc INFO - Notifying listeners about connection state True
2026-03-23 05:54:30,402 mobileraker.QidiPlus4.sync INFO - Connection state changed to <is_connected: True>
2026-03-23 05:54:30,404 mobileraker.QidiPlus4.sync INFO - Doing a (Re)Sync with moonraker
2026-03-23 05:54:30,406 mobileraker.QidiPlus4.sync INFO - Syncing klippy Objects
2026-03-23 05:54:30,450 mobileraker.QidiPlus4.sync INFO - Received server info: {'jsonrpc': '2.0', 'result': {'klippy_connected': True, 'klippy_state': 'ready', 'components': ['secrets', 'template', 'klippy_connection', 'jsonrpc', 'internal_transport', 'application', 'websockets', 'database', 'dbus_manager', 'file_manager', 'authorization', 'klippy_apis', 'shell_command', 'machine', 'data_store', 'proc_stats', 'job_state', 'job_queue', 'history', 'http_client', 'announcements', 'webcam', 'extensions', 'octoprint_compat', 'spoolman', 'update_manager'], 'failed_components': [], 'registered_directories': ['config', 'logs', 'gcodes', 'config_examples', 'docs'], 'warnings': [], 'websocket_count': 1, 'moonraker_version': 'v0.10.0-0-g16e530e', 'missing_klippy_requirements': [], 'api_version': [1, 5, 0], 'api_version_string': '1.5.0'}, 'id': 2308}
2026-03-23 05:54:30,455 mobileraker.QidiPlus4.sync INFO - Syncing printer Objects
2026-03-23 05:54:30,466 mobileraker.QidiPlus4 INFO - Updated companion meta data in moonraker database
2026-03-23 05:54:30,473 mobileraker.QidiPlus4.sync INFO - Subscribing to printer Objects: dict_keys(['gcode_move', 'print_stats', 'virtual_sdcard', 'display_status', 'filament_switch_sensor filament_tangle_sensor', 'toolhead'])
2026-03-23 05:54:30,623 mobileraker.QidiPlus4.sync INFO - Subscribing to printer Objects
2026-03-23 05:54:30,626 mobileraker.QidiPlus4.sync INFO - Subscribed to printer Objects
2026-03-23 05:54:30,627 mobileraker.QidiPlus4.sync INFO - (Re)Sync completed
2026-03-23 05:54:30,629 mobileraker.QidiPlus4 INFO - No last snapshot available. Evaluating!
2026-03-23 05:54:30,630 mobileraker.QidiPlus4 INFO - Snapshot passed threshold. LastSnap: None, NewSnap: PrinterSnapshot(timestamp=2026-03-23T05:54:30.625004,klippy_ready=True, print_state=standby, m117=None, m117_hash=, virtual_sdcard=VirtualSDCard (progress: 0.000000, file_position: 0), print_stats=PrintStats (filename: , total_duration: 0.0, print_duration: 0.0, state: standby, message: ), current_file=None, toolhead=<mobileraker.data.dtos.moonraker.printer_objects.Toolhead object at 0xffffaf715210>, gcode_move=<mobileraker.data.dtos.moonraker.printer_objects.GCodeMove object at 0xffffaf6fbb90>, gcode_response=None, gcode_response_hash=, timelapse_pause=None, filament_sensors=FilamentSensor(name=filament_tangle_sensor, kind=filament_switch_sensor, enabled=True, filament_detected=True))
2026-03-23 05:54:30,637 mobileraker.QidiPlus4 INFO - Fetched 0 app Cfgs!
2026-03-23 05:54:30,639 mobileraker.QidiPlus4 INFO - ---- Completed Evaluations Task! ----
2026-03-23 06:04:35,772 mobileraker.QidiPlus4 INFO - Time-Interval reached. Evaluating!
2026-03-23 06:04:35,773 mobileraker.QidiPlus4 INFO - Snapshot passed threshold. LastSnap: PrinterSnapshot(timestamp=2026-03-23T05:54:30.625004,klippy_ready=True, print_state=standby, m117=None, m117_hash=, virtual_sdcard=VirtualSDCard (progress: 0.000000, file_position: 0), print_stats=PrintStats (filename: , total_duration: 0.0, print_duration: 0.0, state: standby, message: ), current_file=None, toolhead=<mobileraker.data.dtos.moonraker.printer_objects.Toolhead object at 0xffffaf715210>, gcode_move=<mobileraker.data.dtos.moonraker.printer_objects.GCodeMove object at 0xffffaf6fbb90>, gcode_response=None, gcode_response_hash=, timelapse_pause=None, filament_sensors=FilamentSensor(name=filament_tangle_sensor, kind=filament_switch_sensor, enabled=True, filament_detected=True)), NewSnap: PrinterSnapshot(timestamp=2026-03-23T06:04:35.771838,klippy_ready=True, print_state=standby, m117=None, m117_hash=, virtual_sdcard=VirtualSDCard (progress: 0.000000, file_position: 0), print_stats=PrintStats (filename: , total_duration: 0.0, print_duration: 0.0, state: standby, message: ), current_file=None, toolhead=<mobileraker.data.dtos.moonraker.printer_objects.Toolhead object at 0xffffaf715a90>, gcode_move=<mobileraker.data.dtos.moonraker.printer_objects.GCodeMove object at 0xffffaf7165d0>, gcode_response=Initial approach, gcode_response_hash=a5d42c959861536ddfa53e119bc33c30537508159fe42d07800da0dc6aa44565, timelapse_pause=None, filament_sensors=FilamentSensor(name=filament_tangle_sensor, kind=filament_switch_sensor, enabled=True, filament_detected=True))
2026-03-23 06:04:35,780 mobileraker.QidiPlus4 INFO - Fetched 1 app Cfgs!
2026-03-23 06:04:35,781 mobileraker.QidiPlus4 INFO - Evaluate for machineID 92e07d36-b96a-4b49-9fcd-43757e7c8599, cfg.version: 2.9.7-ios , cfg.snap: NotificationSnap(progress=0, progress_live_activity=0, progress_progressbar=0, last_progress=1970-01-01 00:00:00, last_progress_live_activity=1970-01-01 00:00:00, last_progress_progressbar=1970-01-01 00:00:00, state=, m117=, gcode_response=None, filament_sensors=[]), cfg.settings: NotificationSettings(progress_config=25, state_config=['standby', 'printing', 'paused', 'complete', 'error'], android_progressbar=False, eta_sources=['slicer', 'filament'], snapshot_webcam=None, exclude_filament_sensors=[], inherit_global_settings=True, created=2026-03-23T00:58:06.777211, last_modified=2026-03-23T00:58:06.777211)
2026-03-23 06:04:35,784 mobileraker.QidiPlus4 INFO - 1 notifications generated for machineID: 92e07d36-b96a-4b49-9fcd-43757e7c8599
2026-03-23 06:04:35,785 mobileraker.QidiPlus4 INFO - statusUpdates notification: State of Qidi Plus4 changed - Printer is in Standby
2026-03-23 06:04:35,786 mobileraker.QidiPlus4 INFO - Notification types: statusUpdates
2026-03-23 06:04:35,787 mobileraker.QidiPlus4 INFO - Device specific snapshot_webcam is set to false. Skipping webcam snapshot.
2026-03-23 06:04:35,788 mobileraker.QidiPlus4 INFO - Updating snap in FCM Cfg for 92e07d36-b96a-4b49-9fcd-43757e7c8599: NotificationSnap(progress=0, progress_live_activity=0, progress_progressbar=0, last_progress=1970-01-01 00:00:00, last_progress_live_activity=1970-01-01 00:00:00, last_progress_progressbar=1970-01-01 00:00:00, state=standby, m117=, gcode_response=a5d42c959861536ddfa53e119bc33c30537508159fe42d07800da0dc6aa44565, filament_sensors=[])
2026-03-23 06:04:35,803 mobileraker.QidiPlus4 INFO - Updated snap in FCM Cfg for 92e07d36-b96a-4b49-9fcd-43757e7c8599: {'jsonrpc': '2.0', 'result': {'namespace': 'mobileraker', 'key': 'fcm.92e07d36-b96a-4b49-9fcd-43757e7c8599.snap', 'value': {'progress': 0.0, 'progress_live_activity': 0.0, 'progress_progressbar': 0.0, 'state': 'standby', 'm117': '', 'filament_sensors': [], 'gcode_response': 'a5d42c959861536ddfa53e119bc33c30537508159fe42d07800da0dc6aa44565', 'last_progress': '1970-01-01T00:00:00', 'last_progress_live_activity': '1970-01-01T00:00:00', 'last_progress_progressbar': '1970-01-01T00:00:00'}}, 'id': 2696}
2026-03-23 06:04:35,804 mobileraker.fcm INFO - Submitting 1 device-requets to mobileraker server
2026-03-23 06:04:36,966 mobileraker.QidiPlus4 INFO - ---- Completed Evaluations Task! ----
2026-03-23 06:05:24,269 mobileraker.QidiPlus4.sync INFO - Moonraker's connection to Klippy has terminated/disconnected
2026-03-23 06:05:24,272 mobileraker.QidiPlus4 INFO - State changed. Evaluating!
2026-03-23 06:05:24,272 mobileraker.QidiPlus4 INFO - Snapshot passed threshold. LastSnap: PrinterSnapshot(timestamp=2026-03-23T06:04:35.771838,klippy_ready=True, print_state=standby, m117=None, m117_hash=, virtual_sdcard=VirtualSDCard (progress: 0.000000, file_position: 0), print_stats=PrintStats (filename: , total_duration: 0.0, print_duration: 0.0, state: standby, message: ), current_file=None, toolhead=<mobileraker.data.dtos.moonraker.printer_objects.Toolhead object at 0xffffaf715a90>, gcode_move=<mobileraker.data.dtos.moonraker.printer_objects.GCodeMove object at 0xffffaf7165d0>, gcode_response=Initial approach, gcode_response_hash=a5d42c959861536ddfa53e119bc33c30537508159fe42d07800da0dc6aa44565, timelapse_pause=None, filament_sensors=FilamentSensor(name=filament_tangle_sensor, kind=filament_switch_sensor, enabled=True, filament_detected=True)), NewSnap: PrinterSnapshot(timestamp=2026-03-23T06:05:24.270723,klippy_ready=False, print_state=error, m117=None, m117_hash=, virtual_sdcard=VirtualSDCard (progress: 0.000000, file_position: 0), print_stats=PrintStats (filename: , total_duration: 0.0, print_duration: 0.0, state: standby, message: ), current_file=None, toolhead=<mobileraker.data.dtos.moonraker.printer_objects.Toolhead object at 0xffffaf716610>, gcode_move=<mobileraker.data.dtos.moonraker.printer_objects.GCodeMove object at 0xffffaf7141d0>, gcode_response=Klipper state: Disconnect, gcode_response_hash=b52d262c5102573d0930a152bf300b9b02af316eda660d308f62b504fc4eb11f, timelapse_pause=None, filament_sensors=FilamentSensor(name=filament_tangle_sensor, kind=filament_switch_sensor, enabled=True, filament_detected=True))
2026-03-23 06:05:24,279 mobileraker.QidiPlus4 INFO - Fetched 1 app Cfgs!
2026-03-23 06:05:24,280 mobileraker.QidiPlus4 INFO - Evaluate for machineID 92e07d36-b96a-4b49-9fcd-43757e7c8599, cfg.version: 2.9.7-ios , cfg.snap: NotificationSnap(progress=0, progress_live_activity=0, progress_progressbar=0, last_progress=1970-01-01 00:00:00, last_progress_live_activity=1970-01-01 00:00:00, last_progress_progressbar=1970-01-01 00:00:00, state=standby, m117=, gcode_response=a5d42c959861536ddfa53e119bc33c30537508159fe42d07800da0dc6aa44565, filament_sensors=[]), cfg.settings: NotificationSettings(progress_config=25, state_config=['standby', 'printing', 'paused', 'complete', 'error'], android_progressbar=False, eta_sources=['slicer', 'filament'], snapshot_webcam=None, exclude_filament_sensors=[], inherit_global_settings=True, created=2026-03-23T00:58:06.777211, last_modified=2026-03-23T00:58:06.777211)
2026-03-23 06:05:24,281 mobileraker.QidiPlus4 INFO - 0 notifications generated for machineID: 92e07d36-b96a-4b49-9fcd-43757e7c8599
2026-03-23 06:05:24,282 mobileraker.QidiPlus4 INFO - Updating snap in FCM Cfg for 92e07d36-b96a-4b49-9fcd-43757e7c8599: NotificationSnap(progress=0, progress_live_activity=0, progress_progressbar=0, last_progress=1970-01-01 00:00:00, last_progress_live_activity=1970-01-01 00:00:00, last_progress_progressbar=1970-01-01 00:00:00, state=error, m117=, gcode_response=b52d262c5102573d0930a152bf300b9b02af316eda660d308f62b504fc4eb11f, filament_sensors=[])
2026-03-23 06:05:24,295 mobileraker.QidiPlus4 INFO - Updated snap in FCM Cfg for 92e07d36-b96a-4b49-9fcd-43757e7c8599: {'jsonrpc': '2.0', 'result': {'namespace': 'mobileraker', 'key': 'fcm.92e07d36-b96a-4b49-9fcd-43757e7c8599.snap', 'value': {'progress': 0.0, 'progress_live_activity': 0.0, 'progress_progressbar': 0.0, 'state': 'error', 'm117': '', 'filament_sensors': [], 'gcode_response': 'b52d262c5102573d0930a152bf300b9b02af316eda660d308f62b504fc4eb11f', 'last_progress': '1970-01-01T00:00:00', 'last_progress_live_activity': '1970-01-01T00:00:00', 'last_progress_progressbar': '1970-01-01T00:00:00'}}, 'id': 867}
2026-03-23 06:05:24,297 mobileraker.QidiPlus4 INFO - ---- Completed Evaluations Task! ----
2026-03-23 06:05:31,460 mobileraker.QidiPlus4.sync INFO - Klippy has reported a ready state
2026-03-23 06:05:31,461 mobileraker.QidiPlus4.sync INFO - Doing a (Re)Sync with moonraker
2026-03-23 06:05:31,463 mobileraker.QidiPlus4.sync INFO - Syncing klippy Objects
2026-03-23 06:05:31,468 mobileraker.QidiPlus4.sync INFO - Received server info: {'jsonrpc': '2.0', 'result': {'klippy_connected': True, 'klippy_state': 'ready', 'components': ['secrets', 'template', 'klippy_connection', 'jsonrpc', 'internal_transport', 'application', 'websockets', 'database', 'dbus_manager', 'file_manager', 'authorization', 'klippy_apis', 'shell_command', 'machine', 'data_store', 'proc_stats', 'job_state', 'job_queue', 'history', 'http_client', 'announcements', 'webcam', 'extensions', 'octoprint_compat', 'spoolman', 'update_manager'], 'failed_components': [], 'registered_directories': ['config', 'logs', 'gcodes', 'config_examples', 'docs'], 'warnings': [], 'websocket_count': 3, 'moonraker_version': 'v0.10.0-0-g16e530e', 'missing_klippy_requirements': [], 'api_version': [1, 5, 0], 'api_version_string': '1.5.0'}, 'id': 3979}
2026-03-23 06:05:31,469 mobileraker.QidiPlus4.sync INFO - Syncing printer Objects
2026-03-23 06:05:31,478 mobileraker.QidiPlus4.sync INFO - Subscribing to printer Objects: dict_keys(['gcode_move', 'print_stats', 'virtual_sdcard', 'display_status', 'filament_switch_sensor filament_tangle_sensor', 'toolhead'])
2026-03-23 06:05:31,709 mobileraker.QidiPlus4.sync INFO - Subscribing to printer Objects
2026-03-23 06:05:31,713 mobileraker.QidiPlus4.sync INFO - Subscribed to printer Objects
2026-03-23 06:05:31,714 mobileraker.QidiPlus4.sync INFO - (Re)Sync completed
2026-03-23 06:05:31,716 mobileraker.QidiPlus4 INFO - State changed. Evaluating!
2026-03-23 06:05:31,717 mobileraker.QidiPlus4 INFO - Snapshot passed threshold. LastSnap: PrinterSnapshot(timestamp=2026-03-23T06:05:24.270723,klippy_ready=False, print_state=error, m117=None, m117_hash=, virtual_sdcard=VirtualSDCard (progress: 0.000000, file_position: 0), print_stats=PrintStats (filename: , total_duration: 0.0, print_duration: 0.0, state: standby, message: ), current_file=None, toolhead=<mobileraker.data.dtos.moonraker.printer_objects.Toolhead object at 0xffffaf716610>, gcode_move=<mobileraker.data.dtos.moonraker.printer_objects.GCodeMove object at 0xffffaf7141d0>, gcode_response=Klipper state: Disconnect, gcode_response_hash=b52d262c5102573d0930a152bf300b9b02af316eda660d308f62b504fc4eb11f, timelapse_pause=None, filament_sensors=FilamentSensor(name=filament_tangle_sensor, kind=filament_switch_sensor, enabled=True, filament_detected=True)), NewSnap: PrinterSnapshot(timestamp=2026-03-23T06:05:31.711570,klippy_ready=True, print_state=standby, m117=None, m117_hash=, virtual_sdcard=VirtualSDCard (progress: 0.000000, file_position: 0), print_stats=PrintStats (filename: , total_duration: 0.0, print_duration: 0.0, state: standby, message: ), current_file=None, toolhead=<mobileraker.data.dtos.moonraker.printer_objects.Toolhead object at 0xffffaf7165d0>, gcode_move=<mobileraker.data.dtos.moonraker.printer_objects.GCodeMove object at 0xffffaf714990>, gcode_response=None, gcode_response_hash=, timelapse_pause=None, filament_sensors=FilamentSensor(name=filament_tangle_sensor, kind=filament_switch_sensor, enabled=True, filament_detected=True))
2026-03-23 06:05:31,727 mobileraker.QidiPlus4 INFO - Fetched 1 app Cfgs!
2026-03-23 06:05:31,728 mobileraker.QidiPlus4 INFO - Evaluate for machineID 92e07d36-b96a-4b49-9fcd-43757e7c8599, cfg.version: 2.9.7-ios , cfg.snap: NotificationSnap(progress=0, progress_live_activity=0, progress_progressbar=0, last_progress=1970-01-01 00:00:00, last_progress_live_activity=1970-01-01 00:00:00, last_progress_progressbar=1970-01-01 00:00:00, state=error, m117=, gcode_response=b52d262c5102573d0930a152bf300b9b02af316eda660d308f62b504fc4eb11f, filament_sensors=[]), cfg.settings: NotificationSettings(progress_config=25, state_config=['standby', 'printing', 'paused', 'complete', 'error'], android_progressbar=False, eta_sources=['slicer', 'filament'], snapshot_webcam=None, exclude_filament_sensors=[], inherit_global_settings=True, created=2026-03-23T00:58:06.777211, last_modified=2026-03-23T00:58:06.777211)
2026-03-23 06:05:31,730 mobileraker.QidiPlus4 INFO - 1 notifications generated for machineID: 92e07d36-b96a-4b49-9fcd-43757e7c8599
2026-03-23 06:05:31,731 mobileraker.QidiPlus4 INFO - statusUpdates notification: State of Qidi Plus4 changed - Printer is in Standby
2026-03-23 06:05:31,732 mobileraker.QidiPlus4 INFO - Notification types: statusUpdates
2026-03-23 06:05:31,734 mobileraker.QidiPlus4 INFO - Device specific snapshot_webcam is set to false. Skipping webcam snapshot.
2026-03-23 06:05:31,735 mobileraker.QidiPlus4 INFO - Updating snap in FCM Cfg for 92e07d36-b96a-4b49-9fcd-43757e7c8599: NotificationSnap(progress=0, progress_live_activity=0, progress_progressbar=0, last_progress=1970-01-01 00:00:00, last_progress_live_activity=1970-01-01 00:00:00, last_progress_progressbar=1970-01-01 00:00:00, state=standby, m117=, gcode_response=, filament_sensors=[])
2026-03-23 06:05:31,757 mobileraker.QidiPlus4 INFO - Updated snap in FCM Cfg for 92e07d36-b96a-4b49-9fcd-43757e7c8599: {'jsonrpc': '2.0', 'result': {'namespace': 'mobileraker', 'key': 'fcm.92e07d36-b96a-4b49-9fcd-43757e7c8599.snap', 'value': {'progress': 0.0, 'progress_live_activity': 0.0, 'progress_progressbar': 0.0, 'state': 'standby', 'm117': '', 'filament_sensors': [], 'gcode_response': '', 'last_progress': '1970-01-01T00:00:00', 'last_progress_live_activity': '1970-01-01T00:00:00', 'last_progress_progressbar': '1970-01-01T00:00:00'}}, 'id': 3653}
2026-03-23 06:05:31,759 mobileraker.fcm INFO - Submitting 1 device-requets to mobileraker server
2026-03-23 06:05:32,731 mobileraker.QidiPlus4 INFO - ---- Completed Evaluations Task! ----
2026-03-23 06:15:36,736 mobileraker.QidiPlus4 INFO - Time-Interval reached. Evaluating!
2026-03-23 06:15:36,737 mobileraker.QidiPlus4 INFO - Snapshot passed threshold. LastSnap: PrinterSnapshot(timestamp=2026-03-23T06:05:31.711570,klippy_ready=True, print_state=standby, m117=None, m117_hash=, virtual_sdcard=VirtualSDCard (progress: 0.000000, file_position: 0), print_stats=PrintStats (filename: , total_duration: 0.0, print_duration: 0.0, state: standby, message: ), current_file=None, toolhead=<mobileraker.data.dtos.moonraker.printer_objects.Toolhead object at 0xffffaf7165d0>, gcode_move=<mobileraker.data.dtos.moonraker.printer_objects.GCodeMove object at 0xffffaf714990>, gcode_response=None, gcode_response_hash=, timelapse_pause=None, filament_sensors=FilamentSensor(name=filament_tangle_sensor, kind=filament_switch_sensor, enabled=True, filament_detected=True)), NewSnap: PrinterSnapshot(timestamp=2026-03-23T06:15:36.734429,klippy_ready=True, print_state=standby, m117=None, m117_hash=, virtual_sdcard=VirtualSDCard (progress: 0.000000, file_position: 0), print_stats=PrintStats (filename: , total_duration: 0.0, print_duration: 0.0, state: standby, message: ), current_file=None, toolhead=<mobileraker.data.dtos.moonraker.printer_objects.Toolhead object at 0xffffaf6fbcd0>, gcode_move=<mobileraker.data.dtos.moonraker.printer_objects.GCodeMove object at 0xffffaf8c2a50>, gcode_response=Run Current: 1.07A Hold Current: 1.07A, gcode_response_hash=702cc063ba7d39938ec4378d3e0f42208a8ad2b3d3e45f5ba60beef4dda1fe41, timelapse_pause=None, filament_sensors=FilamentSensor(name=filament_tangle_sensor, kind=filament_switch_sensor, enabled=True, filament_detected=True))
2026-03-23 06:15:36,748 mobileraker.QidiPlus4 INFO - Fetched 1 app Cfgs!
2026-03-23 06:15:36,750 mobileraker.QidiPlus4 INFO - Evaluate for machineID 92e07d36-b96a-4b49-9fcd-43757e7c8599, cfg.version: 2.9.7-ios , cfg.snap: NotificationSnap(progress=0, progress_live_activity=0, progress_progressbar=0, last_progress=1970-01-01 00:00:00, last_progress_live_activity=1970-01-01 00:00:00, last_progress_progressbar=1970-01-01 00:00:00, state=standby, m117=, gcode_response=, filament_sensors=[]), cfg.settings: NotificationSettings(progress_config=25, state_config=['standby', 'printing', 'paused', 'complete', 'error'], android_progressbar=False, eta_sources=['slicer', 'filament'], snapshot_webcam=None, exclude_filament_sensors=[], inherit_global_settings=True, created=2026-03-23T00:58:06.777211, last_modified=2026-03-23T00:58:06.777211)
2026-03-23 06:15:36,752 mobileraker.QidiPlus4 INFO - 0 notifications generated for machineID: 92e07d36-b96a-4b49-9fcd-43757e7c8599
2026-03-23 06:15:36,754 mobileraker.QidiPlus4 INFO - Updating snap in FCM Cfg for 92e07d36-b96a-4b49-9fcd-43757e7c8599: NotificationSnap(progress=0, progress_live_activity=0, progress_progressbar=0, last_progress=1970-01-01 00:00:00, last_progress_live_activity=1970-01-01 00:00:00, last_progress_progressbar=1970-01-01 00:00:00, state=standby, m117=, gcode_response=702cc063ba7d39938ec4378d3e0f42208a8ad2b3d3e45f5ba60beef4dda1fe41, filament_sensors=[])
2026-03-23 06:15:36,772 mobileraker.QidiPlus4 INFO - Updated snap in FCM Cfg for 92e07d36-b96a-4b49-9fcd-43757e7c8599: {'jsonrpc': '2.0', 'result': {'namespace': 'mobileraker', 'key': 'fcm.92e07d36-b96a-4b49-9fcd-43757e7c8599.snap', 'value': {'progress': 0.0, 'progress_live_activity': 0.0, 'progress_progressbar': 0.0, 'state': 'standby', 'm117': '', 'filament_sensors': [], 'gcode_response': '702cc063ba7d39938ec4378d3e0f42208a8ad2b3d3e45f5ba60beef4dda1fe41', 'last_progress': '1970-01-01T00:00:00', 'last_progress_live_activity': '1970-01-01T00:00:00', 'last_progress_progressbar': '1970-01-01T00:00:00'}}, 'id': 9120}
2026-03-23 06:15:36,774 mobileraker.QidiPlus4 INFO - ---- Completed Evaluations Task! ----
2026-03-23 06:25:41,981 mobileraker.QidiPlus4 INFO - Time-Interval reached. Evaluating!
2026-03-23 06:25:41,982 mobileraker.QidiPlus4 INFO - Snapshot passed threshold. LastSnap: PrinterSnapshot(timestamp=2026-03-23T06:15:36.734429,klippy_ready=True, print_state=standby, m117=None, m117_hash=, virtual_sdcard=VirtualSDCard (progress: 0.000000, file_position: 0), print_stats=PrintStats (filename: , total_duration: 0.0, print_duration: 0.0, state: standby, message: ), current_file=None, toolhead=<mobileraker.data.dtos.moonraker.printer_objects.Toolhead object at 0xffffaf6fbcd0>, gcode_move=<mobileraker.data.dtos.moonraker.printer_objects.GCodeMove object at 0xffffaf8c2a50>, gcode_response=Run Current: 1.07A Hold Current: 1.07A, gcode_response_hash=702cc063ba7d39938ec4378d3e0f42208a8ad2b3d3e45f5ba60beef4dda1fe41, timelapse_pause=None, filament_sensors=FilamentSensor(name=filament_tangle_sensor, kind=filament_switch_sensor, enabled=True, filament_detected=True)), NewSnap: PrinterSnapshot(timestamp=2026-03-23T06:25:41.980811,klippy_ready=True, print_state=standby, m117=None, m117_hash=, virtual_sdcard=VirtualSDCard (progress: 0.000000, file_position: 0), print_stats=PrintStats (filename: , total_duration: 0.0, print_duration: 0.0, state: standby, message: ), current_file=None, toolhead=<mobileraker.data.dtos.moonraker.printer_objects.Toolhead object at 0xffffaf6fb590>, gcode_move=<mobileraker.data.dtos.moonraker.printer_objects.GCodeMove object at 0xffffaf8c2a50>, gcode_response=Run Current: 1.07A Hold Current: 1.07A, gcode_response_hash=702cc063ba7d39938ec4378d3e0f42208a8ad2b3d3e45f5ba60beef4dda1fe41, timelapse_pause=None, filament_sensors=FilamentSensor(name=filament_tangle_sensor, kind=filament_switch_sensor, enabled=True, filament_detected=True))
2026-03-23 06:25:41,989 mobileraker.QidiPlus4 INFO - Fetched 1 app Cfgs!
2026-03-23 06:25:41,990 mobileraker.QidiPlus4 INFO - Evaluate for machineID 92e07d36-b96a-4b49-9fcd-43757e7c8599, cfg.version: 2.9.7-ios , cfg.snap: NotificationSnap(progress=0, progress_live_activity=0, progress_progressbar=0, last_progress=1970-01-01 00:00:00, last_progress_live_activity=1970-01-01 00:00:00, last_progress_progressbar=1970-01-01 00:00:00, state=standby, m117=, gcode_response=702cc063ba7d39938ec4378d3e0f42208a8ad2b3d3e45f5ba60beef4dda1fe41, filament_sensors=[]), cfg.settings: NotificationSettings(progress_config=25, state_config=['standby', 'printing', 'paused', 'complete', 'error'], android_progressbar=False, eta_sources=['slicer', 'filament'], snapshot_webcam=None, exclude_filament_sensors=[], inherit_global_settings=True, created=2026-03-23T00:58:06.777211, last_modified=2026-03-23T00:58:06.777211)
2026-03-23 06:25:41,992 mobileraker.QidiPlus4 INFO - 0 notifications generated for machineID: 92e07d36-b96a-4b49-9fcd-43757e7c8599
2026-03-23 06:25:41,993 mobileraker.QidiPlus4 INFO - No snap update necessary for 92e07d36-b96a-4b49-9fcd-43757e7c8599
2026-03-23 06:25:41,993 mobileraker.QidiPlus4 INFO - ---- Completed Evaluations Task! ----
2026-03-23 06:35:47,020 mobileraker.QidiPlus4 INFO - Time-Interval reached. Evaluating!
2026-03-23 06:35:47,022 mobileraker.QidiPlus4 INFO - Snapshot passed threshold. LastSnap: PrinterSnapshot(timestamp=2026-03-23T06:25:41.980811,klippy_ready=True, print_state=standby, m117=None, m117_hash=, virtual_sdcard=VirtualSDCard (progress: 0.000000, file_position: 0), print_stats=PrintStats (filename: , total_duration: 0.0, print_duration: 0.0, state: standby, message: ), current_file=None, toolhead=<mobileraker.data.dtos.moonraker.printer_objects.Toolhead object at 0xffffaf6fb590>, gcode_move=<mobileraker.data.dtos.moonraker.printer_objects.GCodeMove object at 0xffffaf8c2a50>, gcode_response=Run Current: 1.07A Hold Current: 1.07A, gcode_response_hash=702cc063ba7d39938ec4378d3e0f42208a8ad2b3d3e45f5ba60beef4dda1fe41, timelapse_pause=None, filament_sensors=FilamentSensor(name=filament_tangle_sensor, kind=filament_switch_sensor, enabled=True, filament_detected=True)), NewSnap: PrinterSnapshot(timestamp=2026-03-23T06:35:47.017835,klippy_ready=True, print_state=standby, m117=None, m117_hash=, virtual_sdcard=VirtualSDCard (progress: 0.000000, file_position: 0), print_stats=PrintStats (filename: , total_duration: 0.0, print_duration: 0.0, state: standby, message: ), current_file=None, toolhead=<mobileraker.data.dtos.moonraker.printer_objects.Toolhead object at 0xffffaf8c3e90>, gcode_move=<mobileraker.data.dtos.moonraker.printer_objects.GCodeMove object at 0xffffaf8c2a50>, gcode_response=Run Current: 1.07A Hold Current: 1.07A, gcode_response_hash=702cc063ba7d39938ec4378d3e0f42208a8ad2b3d3e45f5ba60beef4dda1fe41, timelapse_pause=None, filament_sensors=FilamentSensor(name=filament_tangle_sensor, kind=filament_switch_sensor, enabled=True, filament_detected=True))
2026-03-23 06:35:47,036 mobileraker.QidiPlus4 INFO - Fetched 1 app Cfgs!
2026-03-23 06:35:47,038 mobileraker.QidiPlus4 INFO - Evaluate for machineID 92e07d36-b96a-4b49-9fcd-43757e7c8599, cfg.version: 2.9.7-ios , cfg.snap: NotificationSnap(progress=0, progress_live_activity=0, progress_progressbar=0, last_progress=1970-01-01 00:00:00, last_progress_live_activity=1970-01-01 00:00:00, last_progress_progressbar=1970-01-01 00:00:00, state=standby, m117=, gcode_response=702cc063ba7d39938ec4378d3e0f42208a8ad2b3d3e45f5ba60beef4dda1fe41, filament_sensors=[]), cfg.settings: NotificationSettings(progress_config=25, state_config=['standby', 'printing', 'paused', 'complete', 'error'], android_progressbar=False, eta_sources=['slicer', 'filament'], snapshot_webcam=None, exclude_filament_sensors=[], inherit_global_settings=True, created=2026-03-23T00:58:06.777211, last_modified=2026-03-23T00:58:06.777211)
2026-03-23 06:35:47,041 mobileraker.QidiPlus4 INFO - 0 notifications generated for machineID: 92e07d36-b96a-4b49-9fcd-43757e7c8599
2026-03-23 06:35:47,043 mobileraker.QidiPlus4 INFO - No snap update necessary for 92e07d36-b96a-4b49-9fcd-43757e7c8599
2026-03-23 06:35:47,045 mobileraker.QidiPlus4 INFO - ---- Completed Evaluations Task! ----
2026-03-23 06:45:52,262 mobileraker.QidiPlus4 INFO - Time-Interval reached. Evaluating!
2026-03-23 06:45:52,263 mobileraker.QidiPlus4 INFO - Snapshot passed threshold. LastSnap: PrinterSnapshot(timestamp=2026-03-23T06:35:47.017835,klippy_ready=True, print_state=standby, m117=None, m117_hash=, virtual_sdcard=VirtualSDCard (progress: 0.000000, file_position: 0), print_stats=PrintStats (filename: , total_duration: 0.0, print_duration: 0.0, state: standby, message: ), current_file=None, toolhead=<mobileraker.data.dtos.moonraker.printer_objects.Toolhead object at 0xffffaf8c3e90>, gcode_move=<mobileraker.data.dtos.moonraker.printer_objects.GCodeMove object at 0xffffaf8c2a50>, gcode_response=Run Current: 1.07A Hold Current: 1.07A, gcode_response_hash=702cc063ba7d39938ec4378d3e0f42208a8ad2b3d3e45f5ba60beef4dda1fe41, timelapse_pause=None, filament_sensors=FilamentSensor(name=filament_tangle_sensor, kind=filament_switch_sensor, enabled=True, filament_detected=True)), NewSnap: PrinterSnapshot(timestamp=2026-03-23T06:45:52.261377,klippy_ready=True, print_state=standby, m117=None, m117_hash=, virtual_sdcard=VirtualSDCard (progress: 0.000000, file_position: 0), print_stats=PrintStats (filename: , total_duration: 0.0, print_duration: 0.0, state: standby, message: ), current_file=None, toolhead=<mobileraker.data.dtos.moonraker.printer_objects.Toolhead object at 0xffffaf6f9e10>, gcode_move=<mobileraker.data.dtos.moonraker.printer_objects.GCodeMove object at 0xffffaf8c2a50>, gcode_response=Run Current: 1.07A Hold Current: 1.07A, gcode_response_hash=702cc063ba7d39938ec4378d3e0f42208a8ad2b3d3e45f5ba60beef4dda1fe41, timelapse_pause=None, filament_sensors=FilamentSensor(name=filament_tangle_sensor, kind=filament_switch_sensor, enabled=True, filament_detected=True))
2026-03-23 06:45:52,270 mobileraker.QidiPlus4 INFO - Fetched 1 app Cfgs!
2026-03-23 06:45:52,271 mobileraker.QidiPlus4 INFO - Evaluate for machineID 92e07d36-b96a-4b49-9fcd-43757e7c8599, cfg.version: 2.9.7-ios , cfg.snap: NotificationSnap(progress=0, progress_live_activity=0, progress_progressbar=0, last_progress=1970-01-01 00:00:00, last_progress_live_activity=1970-01-01 00:00:00, last_progress_progressbar=1970-01-01 00:00:00, state=standby, m117=, gcode_response=702cc063ba7d39938ec4378d3e0f42208a8ad2b3d3e45f5ba60beef4dda1fe41, filament_sensors=[]), cfg.settings: NotificationSettings(progress_config=25, state_config=['standby', 'printing', 'paused', 'complete', 'error'], android_progressbar=False, eta_sources=['slicer', 'filament'], snapshot_webcam=None, exclude_filament_sensors=[], inherit_global_settings=True, created=2026-03-23T00:58:06.777211, last_modified=2026-03-23T00:58:06.777211)
2026-03-23 06:45:52,272 mobileraker.QidiPlus4 INFO - 0 notifications generated for machineID: 92e07d36-b96a-4b49-9fcd-43757e7c8599
2026-03-23 06:45:52,273 mobileraker.QidiPlus4 INFO - No snap update necessary for 92e07d36-b96a-4b49-9fcd-43757e7c8599
2026-03-23 06:45:52,274 mobileraker.QidiPlus4 INFO - ---- Completed Evaluations Task! ----
2026-03-23 06:55:57,291 mobileraker.QidiPlus4 INFO - Time-Interval reached. Evaluating!
2026-03-23 06:55:57,292 mobileraker.QidiPlus4 INFO - Snapshot passed threshold. LastSnap: PrinterSnapshot(timestamp=2026-03-23T06:45:52.261377,klippy_ready=True, print_state=standby, m117=None, m117_hash=, virtual_sdcard=VirtualSDCard (progress: 0.000000, file_position: 0), print_stats=PrintStats (filename: , total_duration: 0.0, print_duration: 0.0, state: standby, message: ), current_file=None, toolhead=<mobileraker.data.dtos.moonraker.printer_objects.Toolhead object at 0xffffaf6f9e10>, gcode_move=<mobileraker.data.dtos.moonraker.printer_objects.GCodeMove object at 0xffffaf8c2a50>, gcode_response=Run Current: 1.07A Hold Current: 1.07A, gcode_response_hash=702cc063ba7d39938ec4378d3e0f42208a8ad2b3d3e45f5ba60beef4dda1fe41, timelapse_pause=None, filament_sensors=FilamentSensor(name=filament_tangle_sensor, kind=filament_switch_sensor, enabled=True, filament_detected=True)), NewSnap: PrinterSnapshot(timestamp=2026-03-23T06:55:57.289791,klippy_ready=True, print_state=standby, m117=None, m117_hash=, virtual_sdcard=VirtualSDCard (progress: 0.000000, file_position: 0), print_stats=PrintStats (filename: , total_duration: 0.0, print_duration: 0.0, state: standby, message: ), current_file=None, toolhead=<mobileraker.data.dtos.moonraker.printer_objects.Toolhead object at 0xffffaf8c10d0>, gcode_move=<mobileraker.data.dtos.moonraker.printer_objects.GCodeMove object at 0xffffaf8c2a50>, gcode_response=Run Current: 1.07A Hold Current: 1.07A, gcode_response_hash=702cc063ba7d39938ec4378d3e0f42208a8ad2b3d3e45f5ba60beef4dda1fe41, timelapse_pause=None, filament_sensors=FilamentSensor(name=filament_tangle_sensor, kind=filament_switch_sensor, enabled=True, filament_detected=True))
2026-03-23 06:55:57,303 mobileraker.QidiPlus4 INFO - Fetched 1 app Cfgs!
2026-03-23 06:55:57,304 mobileraker.QidiPlus4 INFO - Evaluate for machineID 92e07d36-b96a-4b49-9fcd-43757e7c8599, cfg.version: 2.9.7-ios , cfg.snap: NotificationSnap(progress=0, progress_live_activity=0, progress_progressbar=0, last_progress=1970-01-01 00:00:00, last_progress_live_activity=1970-01-01 00:00:00, last_progress_progressbar=1970-01-01 00:00:00, state=standby, m117=, gcode_response=702cc063ba7d39938ec4378d3e0f42208a8ad2b3d3e45f5ba60beef4dda1fe41, filament_sensors=[]), cfg.settings: NotificationSettings(progress_config=25, state_config=['standby', 'printing', 'paused', 'complete', 'error'], android_progressbar=False, eta_sources=['slicer', 'filament'], snapshot_webcam=None, exclude_filament_sensors=[], inherit_global_settings=True, created=2026-03-23T00:58:06.777211, last_modified=2026-03-23T00:58:06.777211)
2026-03-23 06:55:57,307 mobileraker.QidiPlus4 INFO - 0 notifications generated for machineID: 92e07d36-b96a-4b49-9fcd-43757e7c8599
2026-03-23 06:55:57,308 mobileraker.QidiPlus4 INFO - No snap update necessary for 92e07d36-b96a-4b49-9fcd-43757e7c8599
2026-03-23 06:55:57,309 mobileraker.QidiPlus4 INFO - ---- Completed Evaluations Task! ----
2026-03-23 07:06:02,311 mobileraker.QidiPlus4 INFO - Time-Interval reached. Evaluating!
2026-03-23 07:06:02,313 mobileraker.QidiPlus4 INFO - Snapshot passed threshold. LastSnap: PrinterSnapshot(timestamp=2026-03-23T06:55:57.289791,klippy_ready=True, print_state=standby, m117=None, m117_hash=, virtual_sdcard=VirtualSDCard (progress: 0.000000, file_position: 0), print_stats=PrintStats (filename: , total_duration: 0.0, print_duration: 0.0, state: standby, message: ), current_file=None, toolhead=<mobileraker.data.dtos.moonraker.printer_objects.Toolhead object at 0xffffaf8c10d0>, gcode_move=<mobileraker.data.dtos.moonraker.printer_objects.GCodeMove object at 0xffffaf8c2a50>, gcode_response=Run Current: 1.07A Hold Current: 1.07A, gcode_response_hash=702cc063ba7d39938ec4378d3e0f42208a8ad2b3d3e45f5ba60beef4dda1fe41, timelapse_pause=None, filament_sensors=FilamentSensor(name=filament_tangle_sensor, kind=filament_switch_sensor, enabled=True, filament_detected=True)), NewSnap: PrinterSnapshot(timestamp=2026-03-23T07:06:02.309221,klippy_ready=True, print_state=standby, m117=None, m117_hash=, virtual_sdcard=VirtualSDCard (progress: 0.000000, file_position: 0), print_stats=PrintStats (filename: , total_duration: 0.0, print_duration: 0.0, state: standby, message: ), current_file=None, toolhead=<mobileraker.data.dtos.moonraker.printer_objects.Toolhead object at 0xffffaf6fbc10>, gcode_move=<mobileraker.data.dtos.moonraker.printer_objects.GCodeMove object at 0xffffaf8c2a50>, gcode_response=Run Current: 1.07A Hold Current: 1.07A, gcode_response_hash=702cc063ba7d39938ec4378d3e0f42208a8ad2b3d3e45f5ba60beef4dda1fe41, timelapse_pause=None, filament_sensors=FilamentSensor(name=filament_tangle_sensor, kind=filament_switch_sensor, enabled=True, filament_detected=True))
2026-03-23 07:06:02,328 mobileraker.QidiPlus4 INFO - Fetched 1 app Cfgs!
2026-03-23 07:06:02,329 mobileraker.QidiPlus4 INFO - Evaluate for machineID 92e07d36-b96a-4b49-9fcd-43757e7c8599, cfg.version: 2.9.7-ios , cfg.snap: NotificationSnap(progress=0, progress_live_activity=0, progress_progressbar=0, last_progress=1970-01-01 00:00:00, last_progress_live_activity=1970-01-01 00:00:00, last_progress_progressbar=1970-01-01 00:00:00, state=standby, m117=, gcode_response=702cc063ba7d39938ec4378d3e0f42208a8ad2b3d3e45f5ba60beef4dda1fe41, filament_sensors=[]), cfg.settings: NotificationSettings(progress_config=25, state_config=['standby', 'printing', 'paused', 'complete', 'error'], android_progressbar=False, eta_sources=['slicer', 'filament'], snapshot_webcam=None, exclude_filament_sensors=[], inherit_global_settings=True, created=2026-03-23T00:58:06.777211, last_modified=2026-03-23T00:58:06.777211)
2026-03-23 07:06:02,333 mobileraker.QidiPlus4 INFO - 0 notifications generated for machineID: 92e07d36-b96a-4b49-9fcd-43757e7c8599
2026-03-23 07:06:02,335 mobileraker.QidiPlus4 INFO - No snap update necessary for 92e07d36-b96a-4b49-9fcd-43757e7c8599
2026-03-23 07:06:02,336 mobileraker.QidiPlus4 INFO - ---- Completed Evaluations Task! ----
2026-03-23 07:16:07,349 mobileraker.QidiPlus4 INFO - Time-Interval reached. Evaluating!
2026-03-23 07:16:07,351 mobileraker.QidiPlus4 INFO - Snapshot passed threshold. LastSnap: PrinterSnapshot(timestamp=2026-03-23T07:06:02.309221,klippy_ready=True, print_state=standby, m117=None, m117_hash=, virtual_sdcard=VirtualSDCard (progress: 0.000000, file_position: 0), print_stats=PrintStats (filename: , total_duration: 0.0, print_duration: 0.0, state: standby, message: ), current_file=None, toolhead=<mobileraker.data.dtos.moonraker.printer_objects.Toolhead object at 0xffffaf6fbc10>, gcode_move=<mobileraker.data.dtos.moonraker.printer_objects.GCodeMove object at 0xffffaf8c2a50>, gcode_response=Run Current: 1.07A Hold Current: 1.07A, gcode_response_hash=702cc063ba7d39938ec4378d3e0f42208a8ad2b3d3e45f5ba60beef4dda1fe41, timelapse_pause=None, filament_sensors=FilamentSensor(name=filament_tangle_sensor, kind=filament_switch_sensor, enabled=True, filament_detected=True)), NewSnap: PrinterSnapshot(timestamp=2026-03-23T07:16:07.347625,klippy_ready=True, print_state=standby, m117=None, m117_hash=, virtual_sdcard=VirtualSDCard (progress: 0.000000, file_position: 0), print_stats=PrintStats (filename: , total_duration: 0.0, print_duration: 0.0, state: standby, message: ), current_file=None, toolhead=<mobileraker.data.dtos.moonraker.printer_objects.Toolhead object at 0xffffaf6fb650>, gcode_move=<mobileraker.data.dtos.moonraker.printer_objects.GCodeMove object at 0xffffaf8c2a50>, gcode_response=Run Current: 1.07A Hold Current: 1.07A, gcode_response_hash=702cc063ba7d39938ec4378d3e0f42208a8ad2b3d3e45f5ba60beef4dda1fe41, timelapse_pause=None, filament_sensors=FilamentSensor(name=filament_tangle_sensor, kind=filament_switch_sensor, enabled=True, filament_detected=True))
2026-03-23 07:16:07,365 mobileraker.QidiPlus4 INFO - Fetched 1 app Cfgs!
2026-03-23 07:16:07,366 mobileraker.QidiPlus4 INFO - Evaluate for machineID 92e07d36-b96a-4b49-9fcd-43757e7c8599, cfg.version: 2.9.7-ios , cfg.snap: NotificationSnap(progress=0, progress_live_activity=0, progress_progressbar=0, last_progress=1970-01-01 00:00:00, last_progress_live_activity=1970-01-01 00:00:00, last_progress_progressbar=1970-01-01 00:00:00, state=standby, m117=, gcode_response=702cc063ba7d39938ec4378d3e0f42208a8ad2b3d3e45f5ba60beef4dda1fe41, filament_sensors=[]), cfg.settings: NotificationSettings(progress_config=25, state_config=['standby', 'printing', 'paused', 'complete', 'error'], android_progressbar=False, eta_sources=['slicer', 'filament'], snapshot_webcam=None, exclude_filament_sensors=[], inherit_global_settings=True, created=2026-03-23T00:58:06.777211, last_modified=2026-03-23T00:58:06.777211)
2026-03-23 07:16:07,369 mobileraker.QidiPlus4 INFO - 0 notifications generated for machineID: 92e07d36-b96a-4b49-9fcd-43757e7c8599
2026-03-23 07:16:07,371 mobileraker.QidiPlus4 INFO - No snap update necessary for 92e07d36-b96a-4b49-9fcd-43757e7c8599
2026-03-23 07:16:07,373 mobileraker.QidiPlus4 INFO - ---- Completed Evaluations Task! ----
2026-03-23 07:26:12,361 mobileraker.QidiPlus4 INFO - Time-Interval reached. Evaluating!
2026-03-23 07:26:12,362 mobileraker.QidiPlus4 INFO - Snapshot passed threshold. LastSnap: PrinterSnapshot(timestamp=2026-03-23T07:16:07.347625,klippy_ready=True, print_state=standby, m117=None, m117_hash=, virtual_sdcard=VirtualSDCard (progress: 0.000000, file_position: 0), print_stats=PrintStats (filename: , total_duration: 0.0, print_duration: 0.0, state: standby, message: ), current_file=None, toolhead=<mobileraker.data.dtos.moonraker.printer_objects.Toolhead object at 0xffffaf6fb650>, gcode_move=<mobileraker.data.dtos.moonraker.printer_objects.GCodeMove object at 0xffffaf8c2a50>, gcode_response=Run Current: 1.07A Hold Current: 1.07A, gcode_response_hash=702cc063ba7d39938ec4378d3e0f42208a8ad2b3d3e45f5ba60beef4dda1fe41, timelapse_pause=None, filament_sensors=FilamentSensor(name=filament_tangle_sensor, kind=filament_switch_sensor, enabled=True, filament_detected=True)), NewSnap: PrinterSnapshot(timestamp=2026-03-23T07:26:12.359344,klippy_ready=True, print_state=standby, m117=None, m117_hash=, virtual_sdcard=VirtualSDCard (progress: 0.000000, file_position: 0), print_stats=PrintStats (filename: , total_duration: 0.0, print_duration: 0.0, state: standby, message: ), current_file=None, toolhead=<mobileraker.data.dtos.moonraker.printer_objects.Toolhead object at 0xffffaf6fbc10>, gcode_move=<mobileraker.data.dtos.moonraker.printer_objects.GCodeMove object at 0xffffaf8c2a50>, gcode_response=Run Current: 1.07A Hold Current: 1.07A, gcode_response_hash=702cc063ba7d39938ec4378d3e0f42208a8ad2b3d3e45f5ba60beef4dda1fe41, timelapse_pause=None, filament_sensors=FilamentSensor(name=filament_tangle_sensor, kind=filament_switch_sensor, enabled=True, filament_detected=True))
2026-03-23 07:26:12,372 mobileraker.QidiPlus4 INFO - Fetched 1 app Cfgs!
2026-03-23 07:26:12,373 mobileraker.QidiPlus4 INFO - Evaluate for machineID 92e07d36-b96a-4b49-9fcd-43757e7c8599, cfg.version: 2.9.7-ios , cfg.snap: NotificationSnap(progress=0, progress_live_activity=0, progress_progressbar=0, last_progress=1970-01-01 00:00:00, last_progress_live_activity=1970-01-01 00:00:00, last_progress_progressbar=1970-01-01 00:00:00, state=standby, m117=, gcode_response=702cc063ba7d39938ec4378d3e0f42208a8ad2b3d3e45f5ba60beef4dda1fe41, filament_sensors=[]), cfg.settings: NotificationSettings(progress_config=25, state_config=['standby', 'printing', 'paused', 'complete', 'error'], android_progressbar=False, eta_sources=['slicer', 'filament'], snapshot_webcam=None, exclude_filament_sensors=[], inherit_global_settings=True, created=2026-03-23T00:58:06.777211, last_modified=2026-03-23T00:58:06.777211)
2026-03-23 07:26:12,376 mobileraker.QidiPlus4 INFO - 0 notifications generated for machineID: 92e07d36-b96a-4b49-9fcd-43757e7c8599
2026-03-23 07:26:12,377 mobileraker.QidiPlus4 INFO - No snap update necessary for 92e07d36-b96a-4b49-9fcd-43757e7c8599
2026-03-23 07:26:12,378 mobileraker.QidiPlus4 INFO - ---- Completed Evaluations Task! ----
2026-03-23 07:36:17,396 mobileraker.QidiPlus4 INFO - Time-Interval reached. Evaluating!
2026-03-23 07:36:17,398 mobileraker.QidiPlus4 INFO - Snapshot passed threshold. LastSnap: PrinterSnapshot(timestamp=2026-03-23T07:26:12.359344,klippy_ready=True, print_state=standby, m117=None, m117_hash=, virtual_sdcard=VirtualSDCard (progress: 0.000000, file_position: 0), print_stats=PrintStats (filename: , total_duration: 0.0, print_duration: 0.0, state: standby, message: ), current_file=None, toolhead=<mobileraker.data.dtos.moonraker.printer_objects.Toolhead object at 0xffffaf6fbc10>, gcode_move=<mobileraker.data.dtos.moonraker.printer_objects.GCodeMove object at 0xffffaf8c2a50>, gcode_response=Run Current: 1.07A Hold Current: 1.07A, gcode_response_hash=702cc063ba7d39938ec4378d3e0f42208a8ad2b3d3e45f5ba60beef4dda1fe41, timelapse_pause=None, filament_sensors=FilamentSensor(name=filament_tangle_sensor, kind=filament_switch_sensor, enabled=True, filament_detected=True)), NewSnap: PrinterSnapshot(timestamp=2026-03-23T07:36:17.395241,klippy_ready=True, print_state=standby, m117=None, m117_hash=, virtual_sdcard=VirtualSDCard (progress: 0.000000, file_position: 0), print_stats=PrintStats (filename: , total_duration: 0.0, print_duration: 0.0, state: standby, message: ), current_file=None, toolhead=<mobileraker.data.dtos.moonraker.printer_objects.Toolhead object at 0xffffaf6fac90>, gcode_move=<mobileraker.data.dtos.moonraker.printer_objects.GCodeMove object at 0xffffaf8c2a50>, gcode_response=Run Current: 1.07A Hold Current: 1.07A, gcode_response_hash=702cc063ba7d39938ec4378d3e0f42208a8ad2b3d3e45f5ba60beef4dda1fe41, timelapse_pause=None, filament_sensors=FilamentSensor(name=filament_tangle_sensor, kind=filament_switch_sensor, enabled=True, filament_detected=True))
2026-03-23 07:36:17,408 mobileraker.QidiPlus4 INFO - Fetched 1 app Cfgs!
2026-03-23 07:36:17,409 mobileraker.QidiPlus4 INFO - Evaluate for machineID 92e07d36-b96a-4b49-9fcd-43757e7c8599, cfg.version: 2.9.7-ios , cfg.snap: NotificationSnap(progress=0, progress_live_activity=0, progress_progressbar=0, last_progress=1970-01-01 00:00:00, last_progress_live_activity=1970-01-01 00:00:00, last_progress_progressbar=1970-01-01 00:00:00, state=standby, m117=, gcode_response=702cc063ba7d39938ec4378d3e0f42208a8ad2b3d3e45f5ba60beef4dda1fe41, filament_sensors=[]), cfg.settings: NotificationSettings(progress_config=25, state_config=['standby', 'printing', 'paused', 'complete', 'error'], android_progressbar=False, eta_sources=['slicer', 'filament'], snapshot_webcam=None, exclude_filament_sensors=[], inherit_global_settings=True, created=2026-03-23T00:58:06.777211, last_modified=2026-03-23T00:58:06.777211)
2026-03-23 07:36:17,412 mobileraker.QidiPlus4 INFO - 0 notifications generated for machineID: 92e07d36-b96a-4b49-9fcd-43757e7c8599
2026-03-23 07:36:17,413 mobileraker.QidiPlus4 INFO - No snap update necessary for 92e07d36-b96a-4b49-9fcd-43757e7c8599
2026-03-23 07:36:17,415 mobileraker.QidiPlus4 INFO - ---- Completed Evaluations Task! ----
2026-03-23 07:46:22,462 mobileraker.QidiPlus4 INFO - Time-Interval reached. Evaluating!
2026-03-23 07:46:22,463 mobileraker.QidiPlus4 INFO - Snapshot passed threshold. LastSnap: PrinterSnapshot(timestamp=2026-03-23T07:36:17.395241,klippy_ready=True, print_state=standby, m117=None, m117_hash=, virtual_sdcard=VirtualSDCard (progress: 0.000000, file_position: 0), print_stats=PrintStats (filename: , total_duration: 0.0, print_duration: 0.0, state: standby, message: ), current_file=None, toolhead=<mobileraker.data.dtos.moonraker.printer_objects.Toolhead object at 0xffffaf6fac90>, gcode_move=<mobileraker.data.dtos.moonraker.printer_objects.GCodeMove object at 0xffffaf8c2a50>, gcode_response=Run Current: 1.07A Hold Current: 1.07A, gcode_response_hash=702cc063ba7d39938ec4378d3e0f42208a8ad2b3d3e45f5ba60beef4dda1fe41, timelapse_pause=None, filament_sensors=FilamentSensor(name=filament_tangle_sensor, kind=filament_switch_sensor, enabled=True, filament_detected=True)), NewSnap: PrinterSnapshot(timestamp=2026-03-23T07:46:22.460330,klippy_ready=True, print_state=standby, m117=None, m117_hash=, virtual_sdcard=VirtualSDCard (progress: 0.000000, file_position: 0), print_stats=PrintStats (filename: , total_duration: 0.0, print_duration: 0.0, state: standby, message: ), current_file=None, toolhead=<mobileraker.data.dtos.moonraker.printer_objects.Toolhead object at 0xffffaf8c32d0>, gcode_move=<mobileraker.data.dtos.moonraker.printer_objects.GCodeMove object at 0xffffaf8c2a50>, gcode_response=Run Current: 1.07A Hold Current: 1.07A, gcode_response_hash=702cc063ba7d39938ec4378d3e0f42208a8ad2b3d3e45f5ba60beef4dda1fe41, timelapse_pause=None, filament_sensors=FilamentSensor(name=filament_tangle_sensor, kind=filament_switch_sensor, enabled=True, filament_detected=True))
2026-03-23 07:46:22,475 mobileraker.QidiPlus4 INFO - Fetched 1 app Cfgs!
2026-03-23 07:46:22,476 mobileraker.QidiPlus4 INFO - Evaluate for machineID 92e07d36-b96a-4b49-9fcd-43757e7c8599, cfg.version: 2.9.7-ios , cfg.snap: NotificationSnap(progress=0, progress_live_activity=0, progress_progressbar=0, last_progress=1970-01-01 00:00:00, last_progress_live_activity=1970-01-01 00:00:00, last_progress_progressbar=1970-01-01 00:00:00, state=standby, m117=, gcode_response=702cc063ba7d39938ec4378d3e0f42208a8ad2b3d3e45f5ba60beef4dda1fe41, filament_sensors=[]), cfg.settings: NotificationSettings(progress_config=25, state_config=['standby', 'printing', 'paused', 'complete', 'error'], android_progressbar=False, eta_sources=['slicer', 'filament'], snapshot_webcam=None, exclude_filament_sensors=[], inherit_global_settings=True, created=2026-03-23T00:58:06.777211, last_modified=2026-03-23T00:58:06.777211)
2026-03-23 07:46:22,478 mobileraker.QidiPlus4 INFO - 0 notifications generated for machineID: 92e07d36-b96a-4b49-9fcd-43757e7c8599
2026-03-23 07:46:22,480 mobileraker.QidiPlus4 INFO - No snap update necessary for 92e07d36-b96a-4b49-9fcd-43757e7c8599
2026-03-23 07:46:22,481 mobileraker.QidiPlus4 INFO - ---- Completed Evaluations Task! ----
2026-03-23 07:56:27,463 mobileraker.QidiPlus4 INFO - Time-Interval reached. Evaluating!
2026-03-23 07:56:27,465 mobileraker.QidiPlus4 INFO - Snapshot passed threshold. LastSnap: PrinterSnapshot(timestamp=2026-03-23T07:46:22.460330,klippy_ready=True, print_state=standby, m117=None, m117_hash=, virtual_sdcard=VirtualSDCard (progress: 0.000000, file_position: 0), print_stats=PrintStats (filename: , total_duration: 0.0, print_duration: 0.0, state: standby, message: ), current_file=None, toolhead=<mobileraker.data.dtos.moonraker.printer_objects.Toolhead object at 0xffffaf8c32d0>, gcode_move=<mobileraker.data.dtos.moonraker.printer_objects.GCodeMove object at 0xffffaf8c2a50>, gcode_response=Run Current: 1.07A Hold Current: 1.07A, gcode_response_hash=702cc063ba7d39938ec4378d3e0f42208a8ad2b3d3e45f5ba60beef4dda1fe41, timelapse_pause=None, filament_sensors=FilamentSensor(name=filament_tangle_sensor, kind=filament_switch_sensor, enabled=True, filament_detected=True)), NewSnap: PrinterSnapshot(timestamp=2026-03-23T07:56:27.461831,klippy_ready=True, print_state=standby, m117=None, m117_hash=, virtual_sdcard=VirtualSDCard (progress: 0.000000, file_position: 0), print_stats=PrintStats (filename: , total_duration: 0.0, print_duration: 0.0, state: standby, message: ), current_file=None, toolhead=<mobileraker.data.dtos.moonraker.printer_objects.Toolhead object at 0xffffaf6f9e10>, gcode_move=<mobileraker.data.dtos.moonraker.printer_objects.GCodeMove object at 0xffffaf8c2a50>, gcode_response=Run Current: 1.07A Hold Current: 1.07A, gcode_response_hash=702cc063ba7d39938ec4378d3e0f42208a8ad2b3d3e45f5ba60beef4dda1fe41, timelapse_pause=None, filament_sensors=FilamentSensor(name=filament_tangle_sensor, kind=filament_switch_sensor, enabled=True, filament_detected=True))
2026-03-23 07:56:27,478 mobileraker.QidiPlus4 INFO - Fetched 1 app Cfgs!
2026-03-23 07:56:27,480 mobileraker.QidiPlus4 INFO - Evaluate for machineID 92e07d36-b96a-4b49-9fcd-43757e7c8599, cfg.version: 2.9.7-ios , cfg.snap: NotificationSnap(progress=0, progress_live_activity=0, progress_progressbar=0, last_progress=1970-01-01 00:00:00, last_progress_live_activity=1970-01-01 00:00:00, last_progress_progressbar=1970-01-01 00:00:00, state=standby, m117=, gcode_response=702cc063ba7d39938ec4378d3e0f42208a8ad2b3d3e45f5ba60beef4dda1fe41, filament_sensors=[]), cfg.settings: NotificationSettings(progress_config=25, state_config=['standby', 'printing', 'paused', 'complete', 'error'], android_progressbar=False, eta_sources=['slicer', 'filament'], snapshot_webcam=None, exclude_filament_sensors=[], inherit_global_settings=True, created=2026-03-23T00:58:06.777211, last_modified=2026-03-23T00:58:06.777211)
2026-03-23 07:56:27,483 mobileraker.QidiPlus4 INFO - 0 notifications generated for machineID: 92e07d36-b96a-4b49-9fcd-43757e7c8599
2026-03-23 07:56:27,485 mobileraker.QidiPlus4 INFO - No snap update necessary for 92e07d36-b96a-4b49-9fcd-43757e7c8599
2026-03-23 07:56:27,487 mobileraker.QidiPlus4 INFO - ---- Completed Evaluations Task! ----
2026-03-23 08:06:32,509 mobileraker.QidiPlus4 INFO - Time-Interval reached. Evaluating!
2026-03-23 08:06:32,510 mobileraker.QidiPlus4 INFO - Snapshot passed threshold. LastSnap: PrinterSnapshot(timestamp=2026-03-23T07:56:27.461831,klippy_ready=True, print_state=standby, m117=None, m117_hash=, virtual_sdcard=VirtualSDCard (progress: 0.000000, file_position: 0), print_stats=PrintStats (filename: , total_duration: 0.0, print_duration: 0.0, state: standby, message: ), current_file=None, toolhead=<mobileraker.data.dtos.moonraker.printer_objects.Toolhead object at 0xffffaf6f9e10>, gcode_move=<mobileraker.data.dtos.moonraker.printer_objects.GCodeMove object at 0xffffaf8c2a50>, gcode_response=Run Current: 1.07A Hold Current: 1.07A, gcode_response_hash=702cc063ba7d39938ec4378d3e0f42208a8ad2b3d3e45f5ba60beef4dda1fe41, timelapse_pause=None, filament_sensors=FilamentSensor(name=filament_tangle_sensor, kind=filament_switch_sensor, enabled=True, filament_detected=True)), NewSnap: PrinterSnapshot(timestamp=2026-03-23T08:06:32.507786,klippy_ready=True, print_state=standby, m117=None, m117_hash=, virtual_sdcard=VirtualSDCard (progress: 0.000000, file_position: 0), print_stats=PrintStats (filename: , total_duration: 0.0, print_duration: 0.0, state: standby, message: ), current_file=None, toolhead=<mobileraker.data.dtos.moonraker.printer_objects.Toolhead object at 0xffffaf8c3bd0>, gcode_move=<mobileraker.data.dtos.moonraker.printer_objects.GCodeMove object at 0xffffaf8c2a50>, gcode_response=Run Current: 1.07A Hold Current: 1.07A, gcode_response_hash=702cc063ba7d39938ec4378d3e0f42208a8ad2b3d3e45f5ba60beef4dda1fe41, timelapse_pause=None, filament_sensors=FilamentSensor(name=filament_tangle_sensor, kind=filament_switch_sensor, enabled=True, filament_detected=True))
2026-03-23 08:06:32,520 mobileraker.QidiPlus4 INFO - Fetched 1 app Cfgs!
2026-03-23 08:06:32,522 mobileraker.QidiPlus4 INFO - Evaluate for machineID 92e07d36-b96a-4b49-9fcd-43757e7c8599, cfg.version: 2.9.7-ios , cfg.snap: NotificationSnap(progress=0, progress_live_activity=0, progress_progressbar=0, last_progress=1970-01-01 00:00:00, last_progress_live_activity=1970-01-01 00:00:00, last_progress_progressbar=1970-01-01 00:00:00, state=standby, m117=, gcode_response=702cc063ba7d39938ec4378d3e0f42208a8ad2b3d3e45f5ba60beef4dda1fe41, filament_sensors=[]), cfg.settings: NotificationSettings(progress_config=25, state_config=['standby', 'printing', 'paused', 'complete', 'error'], android_progressbar=False, eta_sources=['slicer', 'filament'], snapshot_webcam=None, exclude_filament_sensors=[], inherit_global_settings=True, created=2026-03-23T00:58:06.777211, last_modified=2026-03-23T00:58:06.777211)
2026-03-23 08:06:32,524 mobileraker.QidiPlus4 INFO - 0 notifications generated for machineID: 92e07d36-b96a-4b49-9fcd-43757e7c8599
2026-03-23 08:06:32,525 mobileraker.QidiPlus4 INFO - No snap update necessary for 92e07d36-b96a-4b49-9fcd-43757e7c8599
2026-03-23 08:06:32,526 mobileraker.QidiPlus4 INFO - ---- Completed Evaluations Task! ----
2026-03-23 08:16:37,557 mobileraker.QidiPlus4 INFO - Time-Interval reached. Evaluating!
2026-03-23 08:16:37,559 mobileraker.QidiPlus4 INFO - Snapshot passed threshold. LastSnap: PrinterSnapshot(timestamp=2026-03-23T08:06:32.507786,klippy_ready=True, print_state=standby, m117=None, m117_hash=, virtual_sdcard=VirtualSDCard (progress: 0.000000, file_position: 0), print_stats=PrintStats (filename: , total_duration: 0.0, print_duration: 0.0, state: standby, message: ), current_file=None, toolhead=<mobileraker.data.dtos.moonraker.printer_objects.Toolhead object at 0xffffaf8c3bd0>, gcode_move=<mobileraker.data.dtos.moonraker.printer_objects.GCodeMove object at 0xffffaf8c2a50>, gcode_response=Run Current: 1.07A Hold Current: 1.07A, gcode_response_hash=702cc063ba7d39938ec4378d3e0f42208a8ad2b3d3e45f5ba60beef4dda1fe41, timelapse_pause=None, filament_sensors=FilamentSensor(name=filament_tangle_sensor, kind=filament_switch_sensor, enabled=True, filament_detected=True)), NewSnap: PrinterSnapshot(timestamp=2026-03-23T08:16:37.555602,klippy_ready=True, print_state=standby, m117=None, m117_hash=, virtual_sdcard=VirtualSDCard (progress: 0.000000, file_position: 0), print_stats=PrintStats (filename: , total_duration: 0.0, print_duration: 0.0, state: standby, message: ), current_file=None, toolhead=<mobileraker.data.dtos.moonraker.printer_objects.Toolhead object at 0xffffaf6f8e90>, gcode_move=<mobileraker.data.dtos.moonraker.printer_objects.GCodeMove object at 0xffffaf8c2a50>, gcode_response=Run Current: 1.07A Hold Current: 1.07A, gcode_response_hash=702cc063ba7d39938ec4378d3e0f42208a8ad2b3d3e45f5ba60beef4dda1fe41, timelapse_pause=None, filament_sensors=FilamentSensor(name=filament_tangle_sensor, kind=filament_switch_sensor, enabled=True, filament_detected=True))
2026-03-23 08:16:37,573 mobileraker.QidiPlus4 INFO - Fetched 1 app Cfgs!
2026-03-23 08:16:37,575 mobileraker.QidiPlus4 INFO - Evaluate for machineID 92e07d36-b96a-4b49-9fcd-43757e7c8599, cfg.version: 2.9.7-ios , cfg.snap: NotificationSnap(progress=0, progress_live_activity=0, progress_progressbar=0, last_progress=1970-01-01 00:00:00, last_progress_live_activity=1970-01-01 00:00:00, last_progress_progressbar=1970-01-01 00:00:00, state=standby, m117=, gcode_response=702cc063ba7d39938ec4378d3e0f42208a8ad2b3d3e45f5ba60beef4dda1fe41, filament_sensors=[]), cfg.settings: NotificationSettings(progress_config=25, state_config=['standby', 'printing', 'paused', 'complete', 'error'], android_progressbar=False, eta_sources=['slicer', 'filament'], snapshot_webcam=None, exclude_filament_sensors=[], inherit_global_settings=True, created=2026-03-23T00:58:06.777211, last_modified=2026-03-23T00:58:06.777211)
2026-03-23 08:16:37,578 mobileraker.QidiPlus4 INFO - 0 notifications generated for machineID: 92e07d36-b96a-4b49-9fcd-43757e7c8599
2026-03-23 08:16:37,580 mobileraker.QidiPlus4 INFO - No snap update necessary for 92e07d36-b96a-4b49-9fcd-43757e7c8599
2026-03-23 08:16:37,581 mobileraker.QidiPlus4 INFO - ---- Completed Evaluations Task! ----
2026-03-23 08:26:42,604 mobileraker.QidiPlus4 INFO - Time-Interval reached. Evaluating!
2026-03-23 08:26:42,606 mobileraker.QidiPlus4 INFO - Snapshot passed threshold. LastSnap: PrinterSnapshot(timestamp=2026-03-23T08:16:37.555602,klippy_ready=True, print_state=standby, m117=None, m117_hash=, virtual_sdcard=VirtualSDCard (progress: 0.000000, file_position: 0), print_stats=PrintStats (filename: , total_duration: 0.0, print_duration: 0.0, state: standby, message: ), current_file=None, toolhead=<mobileraker.data.dtos.moonraker.printer_objects.Toolhead object at 0xffffaf6f8e90>, gcode_move=<mobileraker.data.dtos.moonraker.printer_objects.GCodeMove object at 0xffffaf8c2a50>, gcode_response=Run Current: 1.07A Hold Current: 1.07A, gcode_response_hash=702cc063ba7d39938ec4378d3e0f42208a8ad2b3d3e45f5ba60beef4dda1fe41, timelapse_pause=None, filament_sensors=FilamentSensor(name=filament_tangle_sensor, kind=filament_switch_sensor, enabled=True, filament_detected=True)), NewSnap: PrinterSnapshot(timestamp=2026-03-23T08:26:42.603432,klippy_ready=True, print_state=standby, m117=None, m117_hash=, virtual_sdcard=VirtualSDCard (progress: 0.000000, file_position: 0), print_stats=PrintStats (filename: , total_duration: 0.0, print_duration: 0.0, state: standby, message: ), current_file=None, toolhead=<mobileraker.data.dtos.moonraker.printer_objects.Toolhead object at 0xffffaf8c3350>, gcode_move=<mobileraker.data.dtos.moonraker.printer_objects.GCodeMove object at 0xffffaf8c2a50>, gcode_response=Run Current: 1.07A Hold Current: 1.07A, gcode_response_hash=702cc063ba7d39938ec4378d3e0f42208a8ad2b3d3e45f5ba60beef4dda1fe41, timelapse_pause=None, filament_sensors=FilamentSensor(name=filament_tangle_sensor, kind=filament_switch_sensor, enabled=True, filament_detected=True))
2026-03-23 08:26:42,616 mobileraker.QidiPlus4 INFO - Fetched 1 app Cfgs!
2026-03-23 08:26:42,617 mobileraker.QidiPlus4 INFO - Evaluate for machineID 92e07d36-b96a-4b49-9fcd-43757e7c8599, cfg.version: 2.9.7-ios , cfg.snap: NotificationSnap(progress=0, progress_live_activity=0, progress_progressbar=0, last_progress=1970-01-01 00:00:00, last_progress_live_activity=1970-01-01 00:00:00, last_progress_progressbar=1970-01-01 00:00:00, state=standby, m117=, gcode_response=702cc063ba7d39938ec4378d3e0f42208a8ad2b3d3e45f5ba60beef4dda1fe41, filament_sensors=[]), cfg.settings: NotificationSettings(progress_config=25, state_config=['standby', 'printing', 'paused', 'complete', 'error'], android_progressbar=False, eta_sources=['slicer', 'filament'], snapshot_webcam=None, exclude_filament_sensors=[], inherit_global_settings=True, created=2026-03-23T00:58:06.777211, last_modified=2026-03-23T00:58:06.777211)
2026-03-23 08:26:42,620 mobileraker.QidiPlus4 INFO - 0 notifications generated for machineID: 92e07d36-b96a-4b49-9fcd-43757e7c8599
2026-03-23 08:26:42,621 mobileraker.QidiPlus4 INFO - No snap update necessary for 92e07d36-b96a-4b49-9fcd-43757e7c8599
2026-03-23 08:26:42,622 mobileraker.QidiPlus4 INFO - ---- Completed Evaluations Task! ----
2026-03-23 08:36:47,654 mobileraker.QidiPlus4 INFO - Time-Interval reached. Evaluating!
2026-03-23 08:36:47,655 mobileraker.QidiPlus4 INFO - Snapshot passed threshold. LastSnap: PrinterSnapshot(timestamp=2026-03-23T08:26:42.603432,klippy_ready=True, print_state=standby, m117=None, m117_hash=, virtual_sdcard=VirtualSDCard (progress: 0.000000, file_position: 0), print_stats=PrintStats (filename: , total_duration: 0.0, print_duration: 0.0, state: standby, message: ), current_file=None, toolhead=<mobileraker.data.dtos.moonraker.printer_objects.Toolhead object at 0xffffaf8c3350>, gcode_move=<mobileraker.data.dtos.moonraker.printer_objects.GCodeMove object at 0xffffaf8c2a50>, gcode_response=Run Current: 1.07A Hold Current: 1.07A, gcode_response_hash=702cc063ba7d39938ec4378d3e0f42208a8ad2b3d3e45f5ba60beef4dda1fe41, timelapse_pause=None, filament_sensors=FilamentSensor(name=filament_tangle_sensor, kind=filament_switch_sensor, enabled=True, filament_detected=True)), NewSnap: PrinterSnapshot(timestamp=2026-03-23T08:36:47.652787,klippy_ready=True, print_state=standby, m117=None, m117_hash=, virtual_sdcard=VirtualSDCard (progress: 0.000000, file_position: 0), print_stats=PrintStats (filename: , total_duration: 0.0, print_duration: 0.0, state: standby, message: ), current_file=None, toolhead=<mobileraker.data.dtos.moonraker.printer_objects.Toolhead object at 0xffffaf6fba10>, gcode_move=<mobileraker.data.dtos.moonraker.printer_objects.GCodeMove object at 0xffffaf8c2a50>, gcode_response=Run Current: 1.07A Hold Current: 1.07A, gcode_response_hash=702cc063ba7d39938ec4378d3e0f42208a8ad2b3d3e45f5ba60beef4dda1fe41, timelapse_pause=None, filament_sensors=FilamentSensor(name=filament_tangle_sensor, kind=filament_switch_sensor, enabled=True, filament_detected=True))
2026-03-23 08:36:47,665 mobileraker.QidiPlus4 INFO - Fetched 1 app Cfgs!
2026-03-23 08:36:47,666 mobileraker.QidiPlus4 INFO - Evaluate for machineID 92e07d36-b96a-4b49-9fcd-43757e7c8599, cfg.version: 2.9.7-ios , cfg.snap: NotificationSnap(progress=0, progress_live_activity=0, progress_progressbar=0, last_progress=1970-01-01 00:00:00, last_progress_live_activity=1970-01-01 00:00:00, last_progress_progressbar=1970-01-01 00:00:00, state=standby, m117=, gcode_response=702cc063ba7d39938ec4378d3e0f42208a8ad2b3d3e45f5ba60beef4dda1fe41, filament_sensors=[]), cfg.settings: NotificationSettings(progress_config=25, state_config=['standby', 'printing', 'paused', 'complete', 'error'], android_progressbar=False, eta_sources=['slicer', 'filament'], snapshot_webcam=None, exclude_filament_sensors=[], inherit_global_settings=True, created=2026-03-23T00:58:06.777211, last_modified=2026-03-23T00:58:06.777211)
2026-03-23 08:36:47,669 mobileraker.QidiPlus4 INFO - 0 notifications generated for machineID: 92e07d36-b96a-4b49-9fcd-43757e7c8599
2026-03-23 08:36:47,670 mobileraker.QidiPlus4 INFO - No snap update necessary for 92e07d36-b96a-4b49-9fcd-43757e7c8599
2026-03-23 08:36:47,671 mobileraker.QidiPlus4 INFO - ---- Completed Evaluations Task! ----
2026-03-23 08:46:52,708 mobileraker.QidiPlus4 INFO - Time-Interval reached. Evaluating!
2026-03-23 08:46:52,710 mobileraker.QidiPlus4 INFO - Snapshot passed threshold. LastSnap: PrinterSnapshot(timestamp=2026-03-23T08:36:47.652787,klippy_ready=True, print_state=standby, m117=None, m117_hash=, virtual_sdcard=VirtualSDCard (progress: 0.000000, file_position: 0), print_stats=PrintStats (filename: , total_duration: 0.0, print_duration: 0.0, state: standby, message: ), current_file=None, toolhead=<mobileraker.data.dtos.moonraker.printer_objects.Toolhead object at 0xffffaf6fba10>, gcode_move=<mobileraker.data.dtos.moonraker.printer_objects.GCodeMove object at 0xffffaf8c2a50>, gcode_response=Run Current: 1.07A Hold Current: 1.07A, gcode_response_hash=702cc063ba7d39938ec4378d3e0f42208a8ad2b3d3e45f5ba60beef4dda1fe41, timelapse_pause=None, filament_sensors=FilamentSensor(name=filament_tangle_sensor, kind=filament_switch_sensor, enabled=True, filament_detected=True)), NewSnap: PrinterSnapshot(timestamp=2026-03-23T08:46:52.706304,klippy_ready=True, print_state=standby, m117=None, m117_hash=, virtual_sdcard=VirtualSDCard (progress: 0.000000, file_position: 0), print_stats=PrintStats (filename: , total_duration: 0.0, print_duration: 0.0, state: standby, message: ), current_file=None, toolhead=<mobileraker.data.dtos.moonraker.printer_objects.Toolhead object at 0xffffaf8c10d0>, gcode_move=<mobileraker.data.dtos.moonraker.printer_objects.GCodeMove object at 0xffffaf8c2a50>, gcode_response=Run Current: 1.07A Hold Current: 1.07A, gcode_response_hash=702cc063ba7d39938ec4378d3e0f42208a8ad2b3d3e45f5ba60beef4dda1fe41, timelapse_pause=None, filament_sensors=FilamentSensor(name=filament_tangle_sensor, kind=filament_switch_sensor, enabled=True, filament_detected=True))
2026-03-23 08:46:52,723 mobileraker.QidiPlus4 INFO - Fetched 1 app Cfgs!
2026-03-23 08:46:52,725 mobileraker.QidiPlus4 INFO - Evaluate for machineID 92e07d36-b96a-4b49-9fcd-43757e7c8599, cfg.version: 2.9.7-ios , cfg.snap: NotificationSnap(progress=0, progress_live_activity=0, progress_progressbar=0, last_progress=1970-01-01 00:00:00, last_progress_live_activity=1970-01-01 00:00:00, last_progress_progressbar=1970-01-01 00:00:00, state=standby, m117=, gcode_response=702cc063ba7d39938ec4378d3e0f42208a8ad2b3d3e45f5ba60beef4dda1fe41, filament_sensors=[]), cfg.settings: NotificationSettings(progress_config=25, state_config=['standby', 'printing', 'paused', 'complete', 'error'], android_progressbar=False, eta_sources=['slicer', 'filament'], snapshot_webcam=None, exclude_filament_sensors=[], inherit_global_settings=True, created=2026-03-23T00:58:06.777211, last_modified=2026-03-23T00:58:06.777211)
2026-03-23 08:46:52,728 mobileraker.QidiPlus4 INFO - 0 notifications generated for machineID: 92e07d36-b96a-4b49-9fcd-43757e7c8599
2026-03-23 08:46:52,730 mobileraker.QidiPlus4 INFO - No snap update necessary for 92e07d36-b96a-4b49-9fcd-43757e7c8599
2026-03-23 08:46:52,732 mobileraker.QidiPlus4 INFO - ---- Completed Evaluations Task! ----
2026-03-23 08:56:57,746 mobileraker.QidiPlus4 INFO - Time-Interval reached. Evaluating!
2026-03-23 08:56:57,748 mobileraker.QidiPlus4 INFO - Snapshot passed threshold. LastSnap: PrinterSnapshot(timestamp=2026-03-23T08:46:52.706304,klippy_ready=True, print_state=standby, m117=None, m117_hash=, virtual_sdcard=VirtualSDCard (progress: 0.000000, file_position: 0), print_stats=PrintStats (filename: , total_duration: 0.0, print_duration: 0.0, state: standby, message: ), current_file=None, toolhead=<mobileraker.data.dtos.moonraker.printer_objects.Toolhead object at 0xffffaf8c10d0>, gcode_move=<mobileraker.data.dtos.moonraker.printer_objects.GCodeMove object at 0xffffaf8c2a50>, gcode_response=Run Current: 1.07A Hold Current: 1.07A, gcode_response_hash=702cc063ba7d39938ec4378d3e0f42208a8ad2b3d3e45f5ba60beef4dda1fe41, timelapse_pause=None, filament_sensors=FilamentSensor(name=filament_tangle_sensor, kind=filament_switch_sensor, enabled=True, filament_detected=True)), NewSnap: PrinterSnapshot(timestamp=2026-03-23T08:56:57.744714,klippy_ready=True, print_state=standby, m117=None, m117_hash=, virtual_sdcard=VirtualSDCard (progress: 0.000000, file_position: 0), print_stats=PrintStats (filename: , total_duration: 0.0, print_duration: 0.0, state: standby, message: ), current_file=None, toolhead=<mobileraker.data.dtos.moonraker.printer_objects.Toolhead object at 0xffffaf6fba10>, gcode_move=<mobileraker.data.dtos.moonraker.printer_objects.GCodeMove object at 0xffffaf8c2a50>, gcode_response=Run Current: 1.07A Hold Current: 1.07A, gcode_response_hash=702cc063ba7d39938ec4378d3e0f42208a8ad2b3d3e45f5ba60beef4dda1fe41, timelapse_pause=None, filament_sensors=FilamentSensor(name=filament_tangle_sensor, kind=filament_switch_sensor, enabled=True, filament_detected=True))
2026-03-23 08:56:57,761 mobileraker.QidiPlus4 INFO - Fetched 1 app Cfgs!
2026-03-23 08:56:57,763 mobileraker.QidiPlus4 INFO - Evaluate for machineID 92e07d36-b96a-4b49-9fcd-43757e7c8599, cfg.version: 2.9.7-ios , cfg.snap: NotificationSnap(progress=0, progress_live_activity=0, progress_progressbar=0, last_progress=1970-01-01 00:00:00, last_progress_live_activity=1970-01-01 00:00:00, last_progress_progressbar=1970-01-01 00:00:00, state=standby, m117=, gcode_response=702cc063ba7d39938ec4378d3e0f42208a8ad2b3d3e45f5ba60beef4dda1fe41, filament_sensors=[]), cfg.settings: NotificationSettings(progress_config=25, state_config=['standby', 'printing', 'paused', 'complete', 'error'], android_progressbar=False, eta_sources=['slicer', 'filament'], snapshot_webcam=None, exclude_filament_sensors=[], inherit_global_settings=True, created=2026-03-23T00:58:06.777211, last_modified=2026-03-23T00:58:06.777211)
2026-03-23 08:56:57,766 mobileraker.QidiPlus4 INFO - 0 notifications generated for machineID: 92e07d36-b96a-4b49-9fcd-43757e7c8599
2026-03-23 08:56:57,768 mobileraker.QidiPlus4 INFO - No snap update necessary for 92e07d36-b96a-4b49-9fcd-43757e7c8599
2026-03-23 08:56:57,770 mobileraker.QidiPlus4 INFO - ---- Completed Evaluations Task! ----
2026-03-23 09:07:02,808 mobileraker.QidiPlus4 INFO - Time-Interval reached. Evaluating!
2026-03-23 09:07:02,809 mobileraker.QidiPlus4 INFO - Snapshot passed threshold. LastSnap: PrinterSnapshot(timestamp=2026-03-23T08:56:57.744714,klippy_ready=True, print_state=standby, m117=None, m117_hash=, virtual_sdcard=VirtualSDCard (progress: 0.000000, file_position: 0), print_stats=PrintStats (filename: , total_duration: 0.0, print_duration: 0.0, state: standby, message: ), current_file=None, toolhead=<mobileraker.data.dtos.moonraker.printer_objects.Toolhead object at 0xffffaf6fba10>, gcode_move=<mobileraker.data.dtos.moonraker.printer_objects.GCodeMove object at 0xffffaf8c2a50>, gcode_response=Run Current: 1.07A Hold Current: 1.07A, gcode_response_hash=702cc063ba7d39938ec4378d3e0f42208a8ad2b3d3e45f5ba60beef4dda1fe41, timelapse_pause=None, filament_sensors=FilamentSensor(name=filament_tangle_sensor, kind=filament_switch_sensor, enabled=True, filament_detected=True)), NewSnap: PrinterSnapshot(timestamp=2026-03-23T09:07:02.805961,klippy_ready=True, print_state=standby, m117=None, m117_hash=, virtual_sdcard=VirtualSDCard (progress: 0.000000, file_position: 0), print_stats=PrintStats (filename: , total_duration: 0.0, print_duration: 0.0, state: standby, message: ), current_file=None, toolhead=<mobileraker.data.dtos.moonraker.printer_objects.Toolhead object at 0xffffaf6fb750>, gcode_move=<mobileraker.data.dtos.moonraker.printer_objects.GCodeMove object at 0xffffaf8c2a50>, gcode_response=Run Current: 1.07A Hold Current: 1.07A, gcode_response_hash=702cc063ba7d39938ec4378d3e0f42208a8ad2b3d3e45f5ba60beef4dda1fe41, timelapse_pause=None, filament_sensors=FilamentSensor(name=filament_tangle_sensor, kind=filament_switch_sensor, enabled=True, filament_detected=True))
2026-03-23 09:07:02,824 mobileraker.QidiPlus4 INFO - Fetched 1 app Cfgs!
2026-03-23 09:07:02,826 mobileraker.QidiPlus4 INFO - Evaluate for machineID 92e07d36-b96a-4b49-9fcd-43757e7c8599, cfg.version: 2.9.7-ios , cfg.snap: NotificationSnap(progress=0, progress_live_activity=0, progress_progressbar=0, last_progress=1970-01-01 00:00:00, last_progress_live_activity=1970-01-01 00:00:00, last_progress_progressbar=1970-01-01 00:00:00, state=standby, m117=, gcode_response=702cc063ba7d39938ec4378d3e0f42208a8ad2b3d3e45f5ba60beef4dda1fe41, filament_sensors=[]), cfg.settings: NotificationSettings(progress_config=25, state_config=['standby', 'printing', 'paused', 'complete', 'error'], android_progressbar=False, eta_sources=['slicer', 'filament'], snapshot_webcam=None, exclude_filament_sensors=[], inherit_global_settings=True, created=2026-03-23T00:58:06.777211, last_modified=2026-03-23T00:58:06.777211)
2026-03-23 09:07:02,829 mobileraker.QidiPlus4 INFO - 0 notifications generated for machineID: 92e07d36-b96a-4b49-9fcd-43757e7c8599
2026-03-23 09:07:02,831 mobileraker.QidiPlus4 INFO - No snap update necessary for 92e07d36-b96a-4b49-9fcd-43757e7c8599
2026-03-23 09:07:02,833 mobileraker.QidiPlus4 INFO - ---- Completed Evaluations Task! ----
2026-03-23 09:17:07,854 mobileraker.QidiPlus4 INFO - Time-Interval reached. Evaluating!
2026-03-23 09:17:07,855 mobileraker.QidiPlus4 INFO - Snapshot passed threshold. LastSnap: PrinterSnapshot(timestamp=2026-03-23T09:07:02.805961,klippy_ready=True, print_state=standby, m117=None, m117_hash=, virtual_sdcard=VirtualSDCard (progress: 0.000000, file_position: 0), print_stats=PrintStats (filename: , total_duration: 0.0, print_duration: 0.0, state: standby, message: ), current_file=None, toolhead=<mobileraker.data.dtos.moonraker.printer_objects.Toolhead object at 0xffffaf6fb750>, gcode_move=<mobileraker.data.dtos.moonraker.printer_objects.GCodeMove object at 0xffffaf8c2a50>, gcode_response=Run Current: 1.07A Hold Current: 1.07A, gcode_response_hash=702cc063ba7d39938ec4378d3e0f42208a8ad2b3d3e45f5ba60beef4dda1fe41, timelapse_pause=None, filament_sensors=FilamentSensor(name=filament_tangle_sensor, kind=filament_switch_sensor, enabled=True, filament_detected=True)), NewSnap: PrinterSnapshot(timestamp=2026-03-23T09:17:07.853520,klippy_ready=True, print_state=standby, m117=None, m117_hash=, virtual_sdcard=VirtualSDCard (progress: 0.000000, file_position: 0), print_stats=PrintStats (filename: , total_duration: 0.0, print_duration: 0.0, state: standby, message: ), current_file=None, toolhead=<mobileraker.data.dtos.moonraker.printer_objects.Toolhead object at 0xffffaf8c3e90>, gcode_move=<mobileraker.data.dtos.moonraker.printer_objects.GCodeMove object at 0xffffaf8c2a50>, gcode_response=Run Current: 1.07A Hold Current: 1.07A, gcode_response_hash=702cc063ba7d39938ec4378d3e0f42208a8ad2b3d3e45f5ba60beef4dda1fe41, timelapse_pause=None, filament_sensors=FilamentSensor(name=filament_tangle_sensor, kind=filament_switch_sensor, enabled=True, filament_detected=True))
2026-03-23 09:17:07,862 mobileraker.QidiPlus4 INFO - Fetched 1 app Cfgs!
2026-03-23 09:17:07,863 mobileraker.QidiPlus4 INFO - Evaluate for machineID 92e07d36-b96a-4b49-9fcd-43757e7c8599, cfg.version: 2.9.7-ios , cfg.snap: NotificationSnap(progress=0, progress_live_activity=0, progress_progressbar=0, last_progress=1970-01-01 00:00:00, last_progress_live_activity=1970-01-01 00:00:00, last_progress_progressbar=1970-01-01 00:00:00, state=standby, m117=, gcode_response=702cc063ba7d39938ec4378d3e0f42208a8ad2b3d3e45f5ba60beef4dda1fe41, filament_sensors=[]), cfg.settings: NotificationSettings(progress_config=25, state_config=['standby', 'printing', 'paused', 'complete', 'error'], android_progressbar=False, eta_sources=['slicer', 'filament'], snapshot_webcam=None, exclude_filament_sensors=[], inherit_global_settings=True, created=2026-03-23T00:58:06.777211, last_modified=2026-03-23T00:58:06.777211)
2026-03-23 09:17:07,865 mobileraker.QidiPlus4 INFO - 0 notifications generated for machineID: 92e07d36-b96a-4b49-9fcd-43757e7c8599
2026-03-23 09:17:07,865 mobileraker.QidiPlus4 INFO - No snap update necessary for 92e07d36-b96a-4b49-9fcd-43757e7c8599
2026-03-23 09:17:07,866 mobileraker.QidiPlus4 INFO - ---- Completed Evaluations Task! ----
2026-03-23 09:27:12,921 mobileraker.QidiPlus4 INFO - Time-Interval reached. Evaluating!
2026-03-23 09:27:12,923 mobileraker.QidiPlus4 INFO - Snapshot passed threshold. LastSnap: PrinterSnapshot(timestamp=2026-03-23T09:17:07.853520,klippy_ready=True, print_state=standby, m117=None, m117_hash=, virtual_sdcard=VirtualSDCard (progress: 0.000000, file_position: 0), print_stats=PrintStats (filename: , total_duration: 0.0, print_duration: 0.0, state: standby, message: ), current_file=None, toolhead=<mobileraker.data.dtos.moonraker.printer_objects.Toolhead object at 0xffffaf8c3e90>, gcode_move=<mobileraker.data.dtos.moonraker.printer_objects.GCodeMove object at 0xffffaf8c2a50>, gcode_response=Run Current: 1.07A Hold Current: 1.07A, gcode_response_hash=702cc063ba7d39938ec4378d3e0f42208a8ad2b3d3e45f5ba60beef4dda1fe41, timelapse_pause=None, filament_sensors=FilamentSensor(name=filament_tangle_sensor, kind=filament_switch_sensor, enabled=True, filament_detected=True)), NewSnap: PrinterSnapshot(timestamp=2026-03-23T09:27:12.919190,klippy_ready=True, print_state=standby, m117=None, m117_hash=, virtual_sdcard=VirtualSDCard (progress: 0.000000, file_position: 0), print_stats=PrintStats (filename: , total_duration: 0.0, print_duration: 0.0, state: standby, message: ), current_file=None, toolhead=<mobileraker.data.dtos.moonraker.printer_objects.Toolhead object at 0xffffaf6fbe50>, gcode_move=<mobileraker.data.dtos.moonraker.printer_objects.GCodeMove object at 0xffffaf8c2a50>, gcode_response=Run Current: 1.07A Hold Current: 1.07A, gcode_response_hash=702cc063ba7d39938ec4378d3e0f42208a8ad2b3d3e45f5ba60beef4dda1fe41, timelapse_pause=None, filament_sensors=FilamentSensor(name=filament_tangle_sensor, kind=filament_switch_sensor, enabled=True, filament_detected=True))
2026-03-23 09:27:12,936 mobileraker.QidiPlus4 INFO - Fetched 1 app Cfgs!
2026-03-23 09:27:12,938 mobileraker.QidiPlus4 INFO - Evaluate for machineID 92e07d36-b96a-4b49-9fcd-43757e7c8599, cfg.version: 2.9.7-ios , cfg.snap: NotificationSnap(progress=0, progress_live_activity=0, progress_progressbar=0, last_progress=1970-01-01 00:00:00, last_progress_live_activity=1970-01-01 00:00:00, last_progress_progressbar=1970-01-01 00:00:00, state=standby, m117=, gcode_response=702cc063ba7d39938ec4378d3e0f42208a8ad2b3d3e45f5ba60beef4dda1fe41, filament_sensors=[]), cfg.settings: NotificationSettings(progress_config=25, state_config=['standby', 'printing', 'paused', 'complete', 'error'], android_progressbar=False, eta_sources=['slicer', 'filament'], snapshot_webcam=None, exclude_filament_sensors=[], inherit_global_settings=True, created=2026-03-23T00:58:06.777211, last_modified=2026-03-23T00:58:06.777211)
2026-03-23 09:27:12,942 mobileraker.QidiPlus4 INFO - 0 notifications generated for machineID: 92e07d36-b96a-4b49-9fcd-43757e7c8599
2026-03-23 09:27:12,943 mobileraker.QidiPlus4 INFO - No snap update necessary for 92e07d36-b96a-4b49-9fcd-43757e7c8599
2026-03-23 09:27:12,945 mobileraker.QidiPlus4 INFO - ---- Completed Evaluations Task! ----
2026-03-23 09:37:17,972 mobileraker.QidiPlus4 INFO - Time-Interval reached. Evaluating!
2026-03-23 09:37:17,973 mobileraker.QidiPlus4 INFO - Snapshot passed threshold. LastSnap: PrinterSnapshot(timestamp=2026-03-23T09:27:12.919190,klippy_ready=True, print_state=standby, m117=None, m117_hash=, virtual_sdcard=VirtualSDCard (progress: 0.000000, file_position: 0), print_stats=PrintStats (filename: , total_duration: 0.0, print_duration: 0.0, state: standby, message: ), current_file=None, toolhead=<mobileraker.data.dtos.moonraker.printer_objects.Toolhead object at 0xffffaf6fbe50>, gcode_move=<mobileraker.data.dtos.moonraker.printer_objects.GCodeMove object at 0xffffaf8c2a50>, gcode_response=Run Current: 1.07A Hold Current: 1.07A, gcode_response_hash=702cc063ba7d39938ec4378d3e0f42208a8ad2b3d3e45f5ba60beef4dda1fe41, timelapse_pause=None, filament_sensors=FilamentSensor(name=filament_tangle_sensor, kind=filament_switch_sensor, enabled=True, filament_detected=True)), NewSnap: PrinterSnapshot(timestamp=2026-03-23T09:37:17.971216,klippy_ready=True, print_state=standby, m117=None, m117_hash=, virtual_sdcard=VirtualSDCard (progress: 0.000000, file_position: 0), print_stats=PrintStats (filename: , total_duration: 0.0, print_duration: 0.0, state: standby, message: ), current_file=None, toolhead=<mobileraker.data.dtos.moonraker.printer_objects.Toolhead object at 0xffffaf8c3250>, gcode_move=<mobileraker.data.dtos.moonraker.printer_objects.GCodeMove object at 0xffffaf8c2a50>, gcode_response=Run Current: 1.07A Hold Current: 1.07A, gcode_response_hash=702cc063ba7d39938ec4378d3e0f42208a8ad2b3d3e45f5ba60beef4dda1fe41, timelapse_pause=None, filament_sensors=FilamentSensor(name=filament_tangle_sensor, kind=filament_switch_sensor, enabled=True, filament_detected=True))
2026-03-23 09:37:17,984 mobileraker.QidiPlus4 INFO - Fetched 1 app Cfgs!
2026-03-23 09:37:17,986 mobileraker.QidiPlus4 INFO - Evaluate for machineID 92e07d36-b96a-4b49-9fcd-43757e7c8599, cfg.version: 2.9.7-ios , cfg.snap: NotificationSnap(progress=0, progress_live_activity=0, progress_progressbar=0, last_progress=1970-01-01 00:00:00, last_progress_live_activity=1970-01-01 00:00:00, last_progress_progressbar=1970-01-01 00:00:00, state=standby, m117=, gcode_response=702cc063ba7d39938ec4378d3e0f42208a8ad2b3d3e45f5ba60beef4dda1fe41, filament_sensors=[]), cfg.settings: NotificationSettings(progress_config=25, state_config=['standby', 'printing', 'paused', 'complete', 'error'], android_progressbar=False, eta_sources=['slicer', 'filament'], snapshot_webcam=None, exclude_filament_sensors=[], inherit_global_settings=True, created=2026-03-23T00:58:06.777211, last_modified=2026-03-23T00:58:06.777211)
2026-03-23 09:37:17,988 mobileraker.QidiPlus4 INFO - 0 notifications generated for machineID: 92e07d36-b96a-4b49-9fcd-43757e7c8599
2026-03-23 09:37:17,989 mobileraker.QidiPlus4 INFO - No snap update necessary for 92e07d36-b96a-4b49-9fcd-43757e7c8599
2026-03-23 09:37:17,991 mobileraker.QidiPlus4 INFO - ---- Completed Evaluations Task! ----
2026-03-23 09:47:23,008 mobileraker.QidiPlus4 INFO - Time-Interval reached. Evaluating!
2026-03-23 09:47:23,009 mobileraker.QidiPlus4 INFO - Snapshot passed threshold. LastSnap: PrinterSnapshot(timestamp=2026-03-23T09:37:17.971216,klippy_ready=True, print_state=standby, m117=None, m117_hash=, virtual_sdcard=VirtualSDCard (progress: 0.000000, file_position: 0), print_stats=PrintStats (filename: , total_duration: 0.0, print_duration: 0.0, state: standby, message: ), current_file=None, toolhead=<mobileraker.data.dtos.moonraker.printer_objects.Toolhead object at 0xffffaf8c3250>, gcode_move=<mobileraker.data.dtos.moonraker.printer_objects.GCodeMove object at 0xffffaf8c2a50>, gcode_response=Run Current: 1.07A Hold Current: 1.07A, gcode_response_hash=702cc063ba7d39938ec4378d3e0f42208a8ad2b3d3e45f5ba60beef4dda1fe41, timelapse_pause=None, filament_sensors=FilamentSensor(name=filament_tangle_sensor, kind=filament_switch_sensor, enabled=True, filament_detected=True)), NewSnap: PrinterSnapshot(timestamp=2026-03-23T09:47:23.007247,klippy_ready=True, print_state=standby, m117=None, m117_hash=, virtual_sdcard=VirtualSDCard (progress: 0.000000, file_position: 0), print_stats=PrintStats (filename: , total_duration: 0.0, print_duration: 0.0, state: standby, message: ), current_file=None, toolhead=<mobileraker.data.dtos.moonraker.printer_objects.Toolhead object at 0xffffaf6fbcd0>, gcode_move=<mobileraker.data.dtos.moonraker.printer_objects.GCodeMove object at 0xffffaf8c2a50>, gcode_response=Run Current: 1.07A Hold Current: 1.07A, gcode_response_hash=702cc063ba7d39938ec4378d3e0f42208a8ad2b3d3e45f5ba60beef4dda1fe41, timelapse_pause=None, filament_sensors=FilamentSensor(name=filament_tangle_sensor, kind=filament_switch_sensor, enabled=True, filament_detected=True))
2026-03-23 09:47:23,018 mobileraker.QidiPlus4 INFO - Fetched 1 app Cfgs!
2026-03-23 09:47:23,019 mobileraker.QidiPlus4 INFO - Evaluate for machineID 92e07d36-b96a-4b49-9fcd-43757e7c8599, cfg.version: 2.9.7-ios , cfg.snap: NotificationSnap(progress=0, progress_live_activity=0, progress_progressbar=0, last_progress=1970-01-01 00:00:00, last_progress_live_activity=1970-01-01 00:00:00, last_progress_progressbar=1970-01-01 00:00:00, state=standby, m117=, gcode_response=702cc063ba7d39938ec4378d3e0f42208a8ad2b3d3e45f5ba60beef4dda1fe41, filament_sensors=[]), cfg.settings: NotificationSettings(progress_config=25, state_config=['standby', 'printing', 'paused', 'complete', 'error'], android_progressbar=False, eta_sources=['slicer', 'filament'], snapshot_webcam=None, exclude_filament_sensors=[], inherit_global_settings=True, created=2026-03-23T00:58:06.777211, last_modified=2026-03-23T00:58:06.777211)
2026-03-23 09:47:23,021 mobileraker.QidiPlus4 INFO - 0 notifications generated for machineID: 92e07d36-b96a-4b49-9fcd-43757e7c8599
2026-03-23 09:47:23,022 mobileraker.QidiPlus4 INFO - No snap update necessary for 92e07d36-b96a-4b49-9fcd-43757e7c8599
2026-03-23 09:47:23,023 mobileraker.QidiPlus4 INFO - ---- Completed Evaluations Task! ----
2026-03-23 09:57:28,055 mobileraker.QidiPlus4 INFO - Time-Interval reached. Evaluating!
2026-03-23 09:57:28,056 mobileraker.QidiPlus4 INFO - Snapshot passed threshold. LastSnap: PrinterSnapshot(timestamp=2026-03-23T09:47:23.007247,klippy_ready=True, print_state=standby, m117=None, m117_hash=, virtual_sdcard=VirtualSDCard (progress: 0.000000, file_position: 0), print_stats=PrintStats (filename: , total_duration: 0.0, print_duration: 0.0, state: standby, message: ), current_file=None, toolhead=<mobileraker.data.dtos.moonraker.printer_objects.Toolhead object at 0xffffaf6fbcd0>, gcode_move=<mobileraker.data.dtos.moonraker.printer_objects.GCodeMove object at 0xffffaf8c2a50>, gcode_response=Run Current: 1.07A Hold Current: 1.07A, gcode_response_hash=702cc063ba7d39938ec4378d3e0f42208a8ad2b3d3e45f5ba60beef4dda1fe41, timelapse_pause=None, filament_sensors=FilamentSensor(name=filament_tangle_sensor, kind=filament_switch_sensor, enabled=True, filament_detected=True)), NewSnap: PrinterSnapshot(timestamp=2026-03-23T09:57:28.054291,klippy_ready=True, print_state=standby, m117=None, m117_hash=, virtual_sdcard=VirtualSDCard (progress: 0.000000, file_position: 0), print_stats=PrintStats (filename: , total_duration: 0.0, print_duration: 0.0, state: standby, message: ), current_file=None, toolhead=<mobileraker.data.dtos.moonraker.printer_objects.Toolhead object at 0xffffaf6fb590>, gcode_move=<mobileraker.data.dtos.moonraker.printer_objects.GCodeMove object at 0xffffaf8c2a50>, gcode_response=Run Current: 1.07A Hold Current: 1.07A, gcode_response_hash=702cc063ba7d39938ec4378d3e0f42208a8ad2b3d3e45f5ba60beef4dda1fe41, timelapse_pause=None, filament_sensors=FilamentSensor(name=filament_tangle_sensor, kind=filament_switch_sensor, enabled=True, filament_detected=True))
2026-03-23 09:57:28,062 mobileraker.QidiPlus4 INFO - Fetched 1 app Cfgs!
2026-03-23 09:57:28,063 mobileraker.QidiPlus4 INFO - Evaluate for machineID 92e07d36-b96a-4b49-9fcd-43757e7c8599, cfg.version: 2.9.7-ios , cfg.snap: NotificationSnap(progress=0, progress_live_activity=0, progress_progressbar=0, last_progress=1970-01-01 00:00:00, last_progress_live_activity=1970-01-01 00:00:00, last_progress_progressbar=1970-01-01 00:00:00, state=standby, m117=, gcode_response=702cc063ba7d39938ec4378d3e0f42208a8ad2b3d3e45f5ba60beef4dda1fe41, filament_sensors=[]), cfg.settings: NotificationSettings(progress_config=25, state_config=['standby', 'printing', 'paused', 'complete', 'error'], android_progressbar=False, eta_sources=['slicer', 'filament'], snapshot_webcam=None, exclude_filament_sensors=[], inherit_global_settings=True, created=2026-03-23T00:58:06.777211, last_modified=2026-03-23T00:58:06.777211)
2026-03-23 09:57:28,065 mobileraker.QidiPlus4 INFO - 0 notifications generated for machineID: 92e07d36-b96a-4b49-9fcd-43757e7c8599
2026-03-23 09:57:28,066 mobileraker.QidiPlus4 INFO - No snap update necessary for 92e07d36-b96a-4b49-9fcd-43757e7c8599
2026-03-23 09:57:28,067 mobileraker.QidiPlus4 INFO - ---- Completed Evaluations Task! ----
2026-03-23 10:07:33,084 mobileraker.QidiPlus4 INFO - Time-Interval reached. Evaluating!
2026-03-23 10:07:33,085 mobileraker.QidiPlus4 INFO - Snapshot passed threshold. LastSnap: PrinterSnapshot(timestamp=2026-03-23T09:57:28.054291,klippy_ready=True, print_state=standby, m117=None, m117_hash=, virtual_sdcard=VirtualSDCard (progress: 0.000000, file_position: 0), print_stats=PrintStats (filename: , total_duration: 0.0, print_duration: 0.0, state: standby, message: ), current_file=None, toolhead=<mobileraker.data.dtos.moonraker.printer_objects.Toolhead object at 0xffffaf6fb590>, gcode_move=<mobileraker.data.dtos.moonraker.printer_objects.GCodeMove object at 0xffffaf8c2a50>, gcode_response=Run Current: 1.07A Hold Current: 1.07A, gcode_response_hash=702cc063ba7d39938ec4378d3e0f42208a8ad2b3d3e45f5ba60beef4dda1fe41, timelapse_pause=None, filament_sensors=FilamentSensor(name=filament_tangle_sensor, kind=filament_switch_sensor, enabled=True, filament_detected=True)), NewSnap: PrinterSnapshot(timestamp=2026-03-23T10:07:33.083998,klippy_ready=True, print_state=standby, m117=None, m117_hash=, virtual_sdcard=VirtualSDCard (progress: 0.000000, file_position: 0), print_stats=PrintStats (filename: , total_duration: 0.0, print_duration: 0.0, state: standby, message: ), current_file=None, toolhead=<mobileraker.data.dtos.moonraker.printer_objects.Toolhead object at 0xffffaf8c32d0>, gcode_move=<mobileraker.data.dtos.moonraker.printer_objects.GCodeMove object at 0xffffaf8c2a50>, gcode_response=Run Current: 1.07A Hold Current: 1.07A, gcode_response_hash=702cc063ba7d39938ec4378d3e0f42208a8ad2b3d3e45f5ba60beef4dda1fe41, timelapse_pause=None, filament_sensors=FilamentSensor(name=filament_tangle_sensor, kind=filament_switch_sensor, enabled=True, filament_detected=True))
2026-03-23 10:07:33,092 mobileraker.QidiPlus4 INFO - Fetched 1 app Cfgs!
2026-03-23 10:07:33,093 mobileraker.QidiPlus4 INFO - Evaluate for machineID 92e07d36-b96a-4b49-9fcd-43757e7c8599, cfg.version: 2.9.7-ios , cfg.snap: NotificationSnap(progress=0, progress_live_activity=0, progress_progressbar=0, last_progress=1970-01-01 00:00:00, last_progress_live_activity=1970-01-01 00:00:00, last_progress_progressbar=1970-01-01 00:00:00, state=standby, m117=, gcode_response=702cc063ba7d39938ec4378d3e0f42208a8ad2b3d3e45f5ba60beef4dda1fe41, filament_sensors=[]), cfg.settings: NotificationSettings(progress_config=25, state_config=['standby', 'printing', 'paused', 'complete', 'error'], android_progressbar=False, eta_sources=['slicer', 'filament'], snapshot_webcam=None, exclude_filament_sensors=[], inherit_global_settings=True, created=2026-03-23T00:58:06.777211, last_modified=2026-03-23T00:58:06.777211)
2026-03-23 10:07:33,094 mobileraker.QidiPlus4 INFO - 0 notifications generated for machineID: 92e07d36-b96a-4b49-9fcd-43757e7c8599
2026-03-23 10:07:33,095 mobileraker.QidiPlus4 INFO - No snap update necessary for 92e07d36-b96a-4b49-9fcd-43757e7c8599
2026-03-23 10:07:33,096 mobileraker.QidiPlus4 INFO - ---- Completed Evaluations Task! ----
2026-03-23 10:17:38,127 mobileraker.QidiPlus4 INFO - Time-Interval reached. Evaluating!
2026-03-23 10:17:38,129 mobileraker.QidiPlus4 INFO - Snapshot passed threshold. LastSnap: PrinterSnapshot(timestamp=2026-03-23T10:07:33.083998,klippy_ready=True, print_state=standby, m117=None, m117_hash=, virtual_sdcard=VirtualSDCard (progress: 0.000000, file_position: 0), print_stats=PrintStats (filename: , total_duration: 0.0, print_duration: 0.0, state: standby, message: ), current_file=None, toolhead=<mobileraker.data.dtos.moonraker.printer_objects.Toolhead object at 0xffffaf8c32d0>, gcode_move=<mobileraker.data.dtos.moonraker.printer_objects.GCodeMove object at 0xffffaf8c2a50>, gcode_response=Run Current: 1.07A Hold Current: 1.07A, gcode_response_hash=702cc063ba7d39938ec4378d3e0f42208a8ad2b3d3e45f5ba60beef4dda1fe41, timelapse_pause=None, filament_sensors=FilamentSensor(name=filament_tangle_sensor, kind=filament_switch_sensor, enabled=True, filament_detected=True)), NewSnap: PrinterSnapshot(timestamp=2026-03-23T10:17:38.125855,klippy_ready=True, print_state=standby, m117=None, m117_hash=, virtual_sdcard=VirtualSDCard (progress: 0.000000, file_position: 0), print_stats=PrintStats (filename: , total_duration: 0.0, print_duration: 0.0, state: standby, message: ), current_file=None, toolhead=<mobileraker.data.dtos.moonraker.printer_objects.Toolhead object at 0xffffaf6fbcd0>, gcode_move=<mobileraker.data.dtos.moonraker.printer_objects.GCodeMove object at 0xffffaf8c2a50>, gcode_response=Run Current: 1.07A Hold Current: 1.07A, gcode_response_hash=702cc063ba7d39938ec4378d3e0f42208a8ad2b3d3e45f5ba60beef4dda1fe41, timelapse_pause=None, filament_sensors=FilamentSensor(name=filament_tangle_sensor, kind=filament_switch_sensor, enabled=True, filament_detected=True))
2026-03-23 10:17:38,142 mobileraker.QidiPlus4 INFO - Fetched 1 app Cfgs!
2026-03-23 10:17:38,144 mobileraker.QidiPlus4 INFO - Evaluate for machineID 92e07d36-b96a-4b49-9fcd-43757e7c8599, cfg.version: 2.9.7-ios , cfg.snap: NotificationSnap(progress=0, progress_live_activity=0, progress_progressbar=0, last_progress=1970-01-01 00:00:00, last_progress_live_activity=1970-01-01 00:00:00, last_progress_progressbar=1970-01-01 00:00:00, state=standby, m117=, gcode_response=702cc063ba7d39938ec4378d3e0f42208a8ad2b3d3e45f5ba60beef4dda1fe41, filament_sensors=[]), cfg.settings: NotificationSettings(progress_config=25, state_config=['standby', 'printing', 'paused', 'complete', 'error'], android_progressbar=False, eta_sources=['slicer', 'filament'], snapshot_webcam=None, exclude_filament_sensors=[], inherit_global_settings=True, created=2026-03-23T00:58:06.777211, last_modified=2026-03-23T00:58:06.777211)
2026-03-23 10:17:38,147 mobileraker.QidiPlus4 INFO - 0 notifications generated for machineID: 92e07d36-b96a-4b49-9fcd-43757e7c8599
2026-03-23 10:17:38,149 mobileraker.QidiPlus4 INFO - No snap update necessary for 92e07d36-b96a-4b49-9fcd-43757e7c8599
2026-03-23 10:17:38,150 mobileraker.QidiPlus4 INFO - ---- Completed Evaluations Task! ----
2026-03-23 10:27:43,172 mobileraker.QidiPlus4 INFO - Time-Interval reached. Evaluating!
2026-03-23 10:27:43,173 mobileraker.QidiPlus4 INFO - Snapshot passed threshold. LastSnap: PrinterSnapshot(timestamp=2026-03-23T10:17:38.125855,klippy_ready=True, print_state=standby, m117=None, m117_hash=, virtual_sdcard=VirtualSDCard (progress: 0.000000, file_position: 0), print_stats=PrintStats (filename: , total_duration: 0.0, print_duration: 0.0, state: standby, message: ), current_file=None, toolhead=<mobileraker.data.dtos.moonraker.printer_objects.Toolhead object at 0xffffaf6fbcd0>, gcode_move=<mobileraker.data.dtos.moonraker.printer_objects.GCodeMove object at 0xffffaf8c2a50>, gcode_response=Run Current: 1.07A Hold Current: 1.07A, gcode_response_hash=702cc063ba7d39938ec4378d3e0f42208a8ad2b3d3e45f5ba60beef4dda1fe41, timelapse_pause=None, filament_sensors=FilamentSensor(name=filament_tangle_sensor, kind=filament_switch_sensor, enabled=True, filament_detected=True)), NewSnap: PrinterSnapshot(timestamp=2026-03-23T10:27:43.170453,klippy_ready=True, print_state=standby, m117=None, m117_hash=, virtual_sdcard=VirtualSDCard (progress: 0.000000, file_position: 0), print_stats=PrintStats (filename: , total_duration: 0.0, print_duration: 0.0, state: standby, message: ), current_file=None, toolhead=<mobileraker.data.dtos.moonraker.printer_objects.Toolhead object at 0xffffaf8c32d0>, gcode_move=<mobileraker.data.dtos.moonraker.printer_objects.GCodeMove object at 0xffffaf8c2a50>, gcode_response=Run Current: 1.07A Hold Current: 1.07A, gcode_response_hash=702cc063ba7d39938ec4378d3e0f42208a8ad2b3d3e45f5ba60beef4dda1fe41, timelapse_pause=None, filament_sensors=FilamentSensor(name=filament_tangle_sensor, kind=filament_switch_sensor, enabled=True, filament_detected=True))
2026-03-23 10:27:43,183 mobileraker.QidiPlus4 INFO - Fetched 1 app Cfgs!
2026-03-23 10:27:43,184 mobileraker.QidiPlus4 INFO - Evaluate for machineID 92e07d36-b96a-4b49-9fcd-43757e7c8599, cfg.version: 2.9.7-ios , cfg.snap: NotificationSnap(progress=0, progress_live_activity=0, progress_progressbar=0, last_progress=1970-01-01 00:00:00, last_progress_live_activity=1970-01-01 00:00:00, last_progress_progressbar=1970-01-01 00:00:00, state=standby, m117=, gcode_response=702cc063ba7d39938ec4378d3e0f42208a8ad2b3d3e45f5ba60beef4dda1fe41, filament_sensors=[]), cfg.settings: NotificationSettings(progress_config=25, state_config=['standby', 'printing', 'paused', 'complete', 'error'], android_progressbar=False, eta_sources=['slicer', 'filament'], snapshot_webcam=None, exclude_filament_sensors=[], inherit_global_settings=True, created=2026-03-23T00:58:06.777211, last_modified=2026-03-23T00:58:06.777211)
2026-03-23 10:27:43,186 mobileraker.QidiPlus4 INFO - 0 notifications generated for machineID: 92e07d36-b96a-4b49-9fcd-43757e7c8599
2026-03-23 10:27:43,188 mobileraker.QidiPlus4 INFO - No snap update necessary for 92e07d36-b96a-4b49-9fcd-43757e7c8599
2026-03-23 10:27:43,189 mobileraker.QidiPlus4 INFO - ---- Completed Evaluations Task! ----
2026-03-23 10:37:48,248 mobileraker.QidiPlus4 INFO - Time-Interval reached. Evaluating!
2026-03-23 10:37:48,249 mobileraker.QidiPlus4 INFO - Snapshot passed threshold. LastSnap: PrinterSnapshot(timestamp=2026-03-23T10:27:43.170453,klippy_ready=True, print_state=standby, m117=None, m117_hash=, virtual_sdcard=VirtualSDCard (progress: 0.000000, file_position: 0), print_stats=PrintStats (filename: , total_duration: 0.0, print_duration: 0.0, state: standby, message: ), current_file=None, toolhead=<mobileraker.data.dtos.moonraker.printer_objects.Toolhead object at 0xffffaf8c32d0>, gcode_move=<mobileraker.data.dtos.moonraker.printer_objects.GCodeMove object at 0xffffaf8c2a50>, gcode_response=Run Current: 1.07A Hold Current: 1.07A, gcode_response_hash=702cc063ba7d39938ec4378d3e0f42208a8ad2b3d3e45f5ba60beef4dda1fe41, timelapse_pause=None, filament_sensors=FilamentSensor(name=filament_tangle_sensor, kind=filament_switch_sensor, enabled=True, filament_detected=True)), NewSnap: PrinterSnapshot(timestamp=2026-03-23T10:37:48.246277,klippy_ready=True, print_state=standby, m117=None, m117_hash=, virtual_sdcard=VirtualSDCard (progress: 0.000000, file_position: 0), print_stats=PrintStats (filename: , total_duration: 0.0, print_duration: 0.0, state: standby, message: ), current_file=None, toolhead=<mobileraker.data.dtos.moonraker.printer_objects.Toolhead object at 0xffffaf6fbcd0>, gcode_move=<mobileraker.data.dtos.moonraker.printer_objects.GCodeMove object at 0xffffaf8c2a50>, gcode_response=Run Current: 1.07A Hold Current: 1.07A, gcode_response_hash=702cc063ba7d39938ec4378d3e0f42208a8ad2b3d3e45f5ba60beef4dda1fe41, timelapse_pause=None, filament_sensors=FilamentSensor(name=filament_tangle_sensor, kind=filament_switch_sensor, enabled=True, filament_detected=True))
2026-03-23 10:37:48,262 mobileraker.QidiPlus4 INFO - Fetched 1 app Cfgs!
2026-03-23 10:37:48,264 mobileraker.QidiPlus4 INFO - Evaluate for machineID 92e07d36-b96a-4b49-9fcd-43757e7c8599, cfg.version: 2.9.7-ios , cfg.snap: NotificationSnap(progress=0, progress_live_activity=0, progress_progressbar=0, last_progress=1970-01-01 00:00:00, last_progress_live_activity=1970-01-01 00:00:00, last_progress_progressbar=1970-01-01 00:00:00, state=standby, m117=, gcode_response=702cc063ba7d39938ec4378d3e0f42208a8ad2b3d3e45f5ba60beef4dda1fe41, filament_sensors=[]), cfg.settings: NotificationSettings(progress_config=25, state_config=['standby', 'printing', 'paused', 'complete', 'error'], android_progressbar=False, eta_sources=['slicer', 'filament'], snapshot_webcam=None, exclude_filament_sensors=[], inherit_global_settings=True, created=2026-03-23T00:58:06.777211, last_modified=2026-03-23T00:58:06.777211)
2026-03-23 10:37:48,267 mobileraker.QidiPlus4 INFO - 0 notifications generated for machineID: 92e07d36-b96a-4b49-9fcd-43757e7c8599
2026-03-23 10:37:48,269 mobileraker.QidiPlus4 INFO - No snap update necessary for 92e07d36-b96a-4b49-9fcd-43757e7c8599
2026-03-23 10:37:48,271 mobileraker.QidiPlus4 INFO - ---- Completed Evaluations Task! ----
2026-03-23 10:47:53,263 mobileraker.QidiPlus4 INFO - Time-Interval reached. Evaluating!
2026-03-23 10:47:53,265 mobileraker.QidiPlus4 INFO - Snapshot passed threshold. LastSnap: PrinterSnapshot(timestamp=2026-03-23T10:37:48.246277,klippy_ready=True, print_state=standby, m117=None, m117_hash=, virtual_sdcard=VirtualSDCard (progress: 0.000000, file_position: 0), print_stats=PrintStats (filename: , total_duration: 0.0, print_duration: 0.0, state: standby, message: ), current_file=None, toolhead=<mobileraker.data.dtos.moonraker.printer_objects.Toolhead object at 0xffffaf6fbcd0>, gcode_move=<mobileraker.data.dtos.moonraker.printer_objects.GCodeMove object at 0xffffaf8c2a50>, gcode_response=Run Current: 1.07A Hold Current: 1.07A, gcode_response_hash=702cc063ba7d39938ec4378d3e0f42208a8ad2b3d3e45f5ba60beef4dda1fe41, timelapse_pause=None, filament_sensors=FilamentSensor(name=filament_tangle_sensor, kind=filament_switch_sensor, enabled=True, filament_detected=True)), NewSnap: PrinterSnapshot(timestamp=2026-03-23T10:47:53.261341,klippy_ready=True, print_state=standby, m117=None, m117_hash=, virtual_sdcard=VirtualSDCard (progress: 0.000000, file_position: 0), print_stats=PrintStats (filename: , total_duration: 0.0, print_duration: 0.0, state: standby, message: ), current_file=None, toolhead=<mobileraker.data.dtos.moonraker.printer_objects.Toolhead object at 0xffffaf6fb590>, gcode_move=<mobileraker.data.dtos.moonraker.printer_objects.GCodeMove object at 0xffffaf8c2a50>, gcode_response=Run Current: 1.07A Hold Current: 1.07A, gcode_response_hash=702cc063ba7d39938ec4378d3e0f42208a8ad2b3d3e45f5ba60beef4dda1fe41, timelapse_pause=None, filament_sensors=FilamentSensor(name=filament_tangle_sensor, kind=filament_switch_sensor, enabled=True, filament_detected=True))
2026-03-23 10:47:53,278 mobileraker.QidiPlus4 INFO - Fetched 1 app Cfgs!
2026-03-23 10:47:53,280 mobileraker.QidiPlus4 INFO - Evaluate for machineID 92e07d36-b96a-4b49-9fcd-43757e7c8599, cfg.version: 2.9.7-ios , cfg.snap: NotificationSnap(progress=0, progress_live_activity=0, progress_progressbar=0, last_progress=1970-01-01 00:00:00, last_progress_live_activity=1970-01-01 00:00:00, last_progress_progressbar=1970-01-01 00:00:00, state=standby, m117=, gcode_response=702cc063ba7d39938ec4378d3e0f42208a8ad2b3d3e45f5ba60beef4dda1fe41, filament_sensors=[]), cfg.settings: NotificationSettings(progress_config=25, state_config=['standby', 'printing', 'paused', 'complete', 'error'], android_progressbar=False, eta_sources=['slicer', 'filament'], snapshot_webcam=None, exclude_filament_sensors=[], inherit_global_settings=True, created=2026-03-23T00:58:06.777211, last_modified=2026-03-23T00:58:06.777211)
2026-03-23 10:47:53,283 mobileraker.QidiPlus4 INFO - 0 notifications generated for machineID: 92e07d36-b96a-4b49-9fcd-43757e7c8599
2026-03-23 10:47:53,285 mobileraker.QidiPlus4 INFO - No snap update necessary for 92e07d36-b96a-4b49-9fcd-43757e7c8599
2026-03-23 10:47:53,287 mobileraker.QidiPlus4 INFO - ---- Completed Evaluations Task! ----
2026-03-23 10:57:58,304 mobileraker.QidiPlus4 INFO - Time-Interval reached. Evaluating!
2026-03-23 10:57:58,306 mobileraker.QidiPlus4 INFO - Snapshot passed threshold. LastSnap: PrinterSnapshot(timestamp=2026-03-23T10:47:53.261341,klippy_ready=True, print_state=standby, m117=None, m117_hash=, virtual_sdcard=VirtualSDCard (progress: 0.000000, file_position: 0), print_stats=PrintStats (filename: , total_duration: 0.0, print_duration: 0.0, state: standby, message: ), current_file=None, toolhead=<mobileraker.data.dtos.moonraker.printer_objects.Toolhead object at 0xffffaf6fb590>, gcode_move=<mobileraker.data.dtos.moonraker.printer_objects.GCodeMove object at 0xffffaf8c2a50>, gcode_response=Run Current: 1.07A Hold Current: 1.07A, gcode_response_hash=702cc063ba7d39938ec4378d3e0f42208a8ad2b3d3e45f5ba60beef4dda1fe41, timelapse_pause=None, filament_sensors=FilamentSensor(name=filament_tangle_sensor, kind=filament_switch_sensor, enabled=True, filament_detected=True)), NewSnap: PrinterSnapshot(timestamp=2026-03-23T10:57:58.302353,klippy_ready=True, print_state=standby, m117=None, m117_hash=, virtual_sdcard=VirtualSDCard (progress: 0.000000, file_position: 0), print_stats=PrintStats (filename: , total_duration: 0.0, print_duration: 0.0, state: standby, message: ), current_file=None, toolhead=<mobileraker.data.dtos.moonraker.printer_objects.Toolhead object at 0xffffaf6fbcd0>, gcode_move=<mobileraker.data.dtos.moonraker.printer_objects.GCodeMove object at 0xffffaf8c2a50>, gcode_response=Run Current: 1.07A Hold Current: 1.07A, gcode_response_hash=702cc063ba7d39938ec4378d3e0f42208a8ad2b3d3e45f5ba60beef4dda1fe41, timelapse_pause=None, filament_sensors=FilamentSensor(name=filament_tangle_sensor, kind=filament_switch_sensor, enabled=True, filament_detected=True))
2026-03-23 10:57:58,319 mobileraker.QidiPlus4 INFO - Fetched 1 app Cfgs!
2026-03-23 10:57:58,321 mobileraker.QidiPlus4 INFO - Evaluate for machineID 92e07d36-b96a-4b49-9fcd-43757e7c8599, cfg.version: 2.9.7-ios , cfg.snap: NotificationSnap(progress=0, progress_live_activity=0, progress_progressbar=0, last_progress=1970-01-01 00:00:00, last_progress_live_activity=1970-01-01 00:00:00, last_progress_progressbar=1970-01-01 00:00:00, state=standby, m117=, gcode_response=702cc063ba7d39938ec4378d3e0f42208a8ad2b3d3e45f5ba60beef4dda1fe41, filament_sensors=[]), cfg.settings: NotificationSettings(progress_config=25, state_config=['standby', 'printing', 'paused', 'complete', 'error'], android_progressbar=False, eta_sources=['slicer', 'filament'], snapshot_webcam=None, exclude_filament_sensors=[], inherit_global_settings=True, created=2026-03-23T00:58:06.777211, last_modified=2026-03-23T00:58:06.777211)
2026-03-23 10:57:58,324 mobileraker.QidiPlus4 INFO - 0 notifications generated for machineID: 92e07d36-b96a-4b49-9fcd-43757e7c8599
2026-03-23 10:57:58,325 mobileraker.QidiPlus4 INFO - No snap update necessary for 92e07d36-b96a-4b49-9fcd-43757e7c8599
2026-03-23 10:57:58,327 mobileraker.QidiPlus4 INFO - ---- Completed Evaluations Task! ----
2026-03-23 11:08:03,361 mobileraker.QidiPlus4 INFO - Time-Interval reached. Evaluating!
2026-03-23 11:08:03,362 mobileraker.QidiPlus4 INFO - Snapshot passed threshold. LastSnap: PrinterSnapshot(timestamp=2026-03-23T10:57:58.302353,klippy_ready=True, print_state=standby, m117=None, m117_hash=, virtual_sdcard=VirtualSDCard (progress: 0.000000, file_position: 0), print_stats=PrintStats (filename: , total_duration: 0.0, print_duration: 0.0, state: standby, message: ), current_file=None, toolhead=<mobileraker.data.dtos.moonraker.printer_objects.Toolhead object at 0xffffaf6fbcd0>, gcode_move=<mobileraker.data.dtos.moonraker.printer_objects.GCodeMove object at 0xffffaf8c2a50>, gcode_response=Run Current: 1.07A Hold Current: 1.07A, gcode_response_hash=702cc063ba7d39938ec4378d3e0f42208a8ad2b3d3e45f5ba60beef4dda1fe41, timelapse_pause=None, filament_sensors=FilamentSensor(name=filament_tangle_sensor, kind=filament_switch_sensor, enabled=True, filament_detected=True)), NewSnap: PrinterSnapshot(timestamp=2026-03-23T11:08:03.359125,klippy_ready=True, print_state=standby, m117=None, m117_hash=, virtual_sdcard=VirtualSDCard (progress: 0.000000, file_position: 0), print_stats=PrintStats (filename: , total_duration: 0.0, print_duration: 0.0, state: standby, message: ), current_file=None, toolhead=<mobileraker.data.dtos.moonraker.printer_objects.Toolhead object at 0xffffaf6f9e10>, gcode_move=<mobileraker.data.dtos.moonraker.printer_objects.GCodeMove object at 0xffffaf8c2a50>, gcode_response=Run Current: 1.07A Hold Current: 1.07A, gcode_response_hash=702cc063ba7d39938ec4378d3e0f42208a8ad2b3d3e45f5ba60beef4dda1fe41, timelapse_pause=None, filament_sensors=FilamentSensor(name=filament_tangle_sensor, kind=filament_switch_sensor, enabled=True, filament_detected=True))
2026-03-23 11:08:03,376 mobileraker.QidiPlus4 INFO - Fetched 1 app Cfgs!
2026-03-23 11:08:03,377 mobileraker.QidiPlus4 INFO - Evaluate for machineID 92e07d36-b96a-4b49-9fcd-43757e7c8599, cfg.version: 2.9.7-ios , cfg.snap: NotificationSnap(progress=0, progress_live_activity=0, progress_progressbar=0, last_progress=1970-01-01 00:00:00, last_progress_live_activity=1970-01-01 00:00:00, last_progress_progressbar=1970-01-01 00:00:00, state=standby, m117=, gcode_response=702cc063ba7d39938ec4378d3e0f42208a8ad2b3d3e45f5ba60beef4dda1fe41, filament_sensors=[]), cfg.settings: NotificationSettings(progress_config=25, state_config=['standby', 'printing', 'paused', 'complete', 'error'], android_progressbar=False, eta_sources=['slicer', 'filament'], snapshot_webcam=None, exclude_filament_sensors=[], inherit_global_settings=True, created=2026-03-23T00:58:06.777211, last_modified=2026-03-23T00:58:06.777211)
2026-03-23 11:08:03,380 mobileraker.QidiPlus4 INFO - 0 notifications generated for machineID: 92e07d36-b96a-4b49-9fcd-43757e7c8599
2026-03-23 11:08:03,382 mobileraker.QidiPlus4 INFO - No snap update necessary for 92e07d36-b96a-4b49-9fcd-43757e7c8599
2026-03-23 11:08:03,384 mobileraker.QidiPlus4 INFO - ---- Completed Evaluations Task! ----
2026-03-23 11:18:08,413 mobileraker.QidiPlus4 INFO - Time-Interval reached. Evaluating!
2026-03-23 11:18:08,415 mobileraker.QidiPlus4 INFO - Snapshot passed threshold. LastSnap: PrinterSnapshot(timestamp=2026-03-23T11:08:03.359125,klippy_ready=True, print_state=standby, m117=None, m117_hash=, virtual_sdcard=VirtualSDCard (progress: 0.000000, file_position: 0), print_stats=PrintStats (filename: , total_duration: 0.0, print_duration: 0.0, state: standby, message: ), current_file=None, toolhead=<mobileraker.data.dtos.moonraker.printer_objects.Toolhead object at 0xffffaf6f9e10>, gcode_move=<mobileraker.data.dtos.moonraker.printer_objects.GCodeMove object at 0xffffaf8c2a50>, gcode_response=Run Current: 1.07A Hold Current: 1.07A, gcode_response_hash=702cc063ba7d39938ec4378d3e0f42208a8ad2b3d3e45f5ba60beef4dda1fe41, timelapse_pause=None, filament_sensors=FilamentSensor(name=filament_tangle_sensor, kind=filament_switch_sensor, enabled=True, filament_detected=True)), NewSnap: PrinterSnapshot(timestamp=2026-03-23T11:18:08.412170,klippy_ready=True, print_state=standby, m117=None, m117_hash=, virtual_sdcard=VirtualSDCard (progress: 0.000000, file_position: 0), print_stats=PrintStats (filename: , total_duration: 0.0, print_duration: 0.0, state: standby, message: ), current_file=None, toolhead=<mobileraker.data.dtos.moonraker.printer_objects.Toolhead object at 0xffffaf6f8f90>, gcode_move=<mobileraker.data.dtos.moonraker.printer_objects.GCodeMove object at 0xffffaf8c2a50>, gcode_response=Run Current: 1.07A Hold Current: 1.07A, gcode_response_hash=702cc063ba7d39938ec4378d3e0f42208a8ad2b3d3e45f5ba60beef4dda1fe41, timelapse_pause=None, filament_sensors=FilamentSensor(name=filament_tangle_sensor, kind=filament_switch_sensor, enabled=True, filament_detected=True))
2026-03-23 11:18:08,424 mobileraker.QidiPlus4 INFO - Fetched 1 app Cfgs!
2026-03-23 11:18:08,426 mobileraker.QidiPlus4 INFO - Evaluate for machineID 92e07d36-b96a-4b49-9fcd-43757e7c8599, cfg.version: 2.9.7-ios , cfg.snap: NotificationSnap(progress=0, progress_live_activity=0, progress_progressbar=0, last_progress=1970-01-01 00:00:00, last_progress_live_activity=1970-01-01 00:00:00, last_progress_progressbar=1970-01-01 00:00:00, state=standby, m117=, gcode_response=702cc063ba7d39938ec4378d3e0f42208a8ad2b3d3e45f5ba60beef4dda1fe41, filament_sensors=[]), cfg.settings: NotificationSettings(progress_config=25, state_config=['standby', 'printing', 'paused', 'complete', 'error'], android_progressbar=False, eta_sources=['slicer', 'filament'], snapshot_webcam=None, exclude_filament_sensors=[], inherit_global_settings=True, created=2026-03-23T00:58:06.777211, last_modified=2026-03-23T00:58:06.777211)
2026-03-23 11:18:08,428 mobileraker.QidiPlus4 INFO - 0 notifications generated for machineID: 92e07d36-b96a-4b49-9fcd-43757e7c8599
2026-03-23 11:18:08,429 mobileraker.QidiPlus4 INFO - No snap update necessary for 92e07d36-b96a-4b49-9fcd-43757e7c8599
2026-03-23 11:18:08,431 mobileraker.QidiPlus4 INFO - ---- Completed Evaluations Task! ----
2026-03-23 11:28:13,477 mobileraker.QidiPlus4 INFO - Time-Interval reached. Evaluating!
2026-03-23 11:28:13,479 mobileraker.QidiPlus4 INFO - Snapshot passed threshold. LastSnap: PrinterSnapshot(timestamp=2026-03-23T11:18:08.412170,klippy_ready=True, print_state=standby, m117=None, m117_hash=, virtual_sdcard=VirtualSDCard (progress: 0.000000, file_position: 0), print_stats=PrintStats (filename: , total_duration: 0.0, print_duration: 0.0, state: standby, message: ), current_file=None, toolhead=<mobileraker.data.dtos.moonraker.printer_objects.Toolhead object at 0xffffaf6f8f90>, gcode_move=<mobileraker.data.dtos.moonraker.printer_objects.GCodeMove object at 0xffffaf8c2a50>, gcode_response=Run Current: 1.07A Hold Current: 1.07A, gcode_response_hash=702cc063ba7d39938ec4378d3e0f42208a8ad2b3d3e45f5ba60beef4dda1fe41, timelapse_pause=None, filament_sensors=FilamentSensor(name=filament_tangle_sensor, kind=filament_switch_sensor, enabled=True, filament_detected=True)), NewSnap: PrinterSnapshot(timestamp=2026-03-23T11:28:13.476004,klippy_ready=True, print_state=standby, m117=None, m117_hash=, virtual_sdcard=VirtualSDCard (progress: 0.000000, file_position: 0), print_stats=PrintStats (filename: , total_duration: 0.0, print_duration: 0.0, state: standby, message: ), current_file=None, toolhead=<mobileraker.data.dtos.moonraker.printer_objects.Toolhead object at 0xffffaf6f9e10>, gcode_move=<mobileraker.data.dtos.moonraker.printer_objects.GCodeMove object at 0xffffaf8c2a50>, gcode_response=Run Current: 1.07A Hold Current: 1.07A, gcode_response_hash=702cc063ba7d39938ec4378d3e0f42208a8ad2b3d3e45f5ba60beef4dda1fe41, timelapse_pause=None, filament_sensors=FilamentSensor(name=filament_tangle_sensor, kind=filament_switch_sensor, enabled=True, filament_detected=True))
2026-03-23 11:28:13,493 mobileraker.QidiPlus4 INFO - Fetched 1 app Cfgs!
2026-03-23 11:28:13,495 mobileraker.QidiPlus4 INFO - Evaluate for machineID 92e07d36-b96a-4b49-9fcd-43757e7c8599, cfg.version: 2.9.7-ios , cfg.snap: NotificationSnap(progress=0, progress_live_activity=0, progress_progressbar=0, last_progress=1970-01-01 00:00:00, last_progress_live_activity=1970-01-01 00:00:00, last_progress_progressbar=1970-01-01 00:00:00, state=standby, m117=, gcode_response=702cc063ba7d39938ec4378d3e0f42208a8ad2b3d3e45f5ba60beef4dda1fe41, filament_sensors=[]), cfg.settings: NotificationSettings(progress_config=25, state_config=['standby', 'printing', 'paused', 'complete', 'error'], android_progressbar=False, eta_sources=['slicer', 'filament'], snapshot_webcam=None, exclude_filament_sensors=[], inherit_global_settings=True, created=2026-03-23T00:58:06.777211, last_modified=2026-03-23T00:58:06.777211)
2026-03-23 11:28:13,498 mobileraker.QidiPlus4 INFO - 0 notifications generated for machineID: 92e07d36-b96a-4b49-9fcd-43757e7c8599
2026-03-23 11:28:13,500 mobileraker.QidiPlus4 INFO - No snap update necessary for 92e07d36-b96a-4b49-9fcd-43757e7c8599
2026-03-23 11:28:13,501 mobileraker.QidiPlus4 INFO - ---- Completed Evaluations Task! ----
2026-03-23 11:38:18,509 mobileraker.QidiPlus4 INFO - Time-Interval reached. Evaluating!
2026-03-23 11:38:18,510 mobileraker.QidiPlus4 INFO - Snapshot passed threshold. LastSnap: PrinterSnapshot(timestamp=2026-03-23T11:28:13.476004,klippy_ready=True, print_state=standby, m117=None, m117_hash=, virtual_sdcard=VirtualSDCard (progress: 0.000000, file_position: 0), print_stats=PrintStats (filename: , total_duration: 0.0, print_duration: 0.0, state: standby, message: ), current_file=None, toolhead=<mobileraker.data.dtos.moonraker.printer_objects.Toolhead object at 0xffffaf6f9e10>, gcode_move=<mobileraker.data.dtos.moonraker.printer_objects.GCodeMove object at 0xffffaf8c2a50>, gcode_response=Run Current: 1.07A Hold Current: 1.07A, gcode_response_hash=702cc063ba7d39938ec4378d3e0f42208a8ad2b3d3e45f5ba60beef4dda1fe41, timelapse_pause=None, filament_sensors=FilamentSensor(name=filament_tangle_sensor, kind=filament_switch_sensor, enabled=True, filament_detected=True)), NewSnap: PrinterSnapshot(timestamp=2026-03-23T11:38:18.507831,klippy_ready=True, print_state=standby, m117=None, m117_hash=, virtual_sdcard=VirtualSDCard (progress: 0.000000, file_position: 0), print_stats=PrintStats (filename: , total_duration: 0.0, print_duration: 0.0, state: standby, message: ), current_file=None, toolhead=<mobileraker.data.dtos.moonraker.printer_objects.Toolhead object at 0xffffaf6fbf90>, gcode_move=<mobileraker.data.dtos.moonraker.printer_objects.GCodeMove object at 0xffffaf8c2a50>, gcode_response=Run Current: 1.07A Hold Current: 1.07A, gcode_response_hash=702cc063ba7d39938ec4378d3e0f42208a8ad2b3d3e45f5ba60beef4dda1fe41, timelapse_pause=None, filament_sensors=FilamentSensor(name=filament_tangle_sensor, kind=filament_switch_sensor, enabled=True, filament_detected=True))
2026-03-23 11:38:18,520 mobileraker.QidiPlus4 INFO - Fetched 1 app Cfgs!
2026-03-23 11:38:18,521 mobileraker.QidiPlus4 INFO - Evaluate for machineID 92e07d36-b96a-4b49-9fcd-43757e7c8599, cfg.version: 2.9.7-ios , cfg.snap: NotificationSnap(progress=0, progress_live_activity=0, progress_progressbar=0, last_progress=1970-01-01 00:00:00, last_progress_live_activity=1970-01-01 00:00:00, last_progress_progressbar=1970-01-01 00:00:00, state=standby, m117=, gcode_response=702cc063ba7d39938ec4378d3e0f42208a8ad2b3d3e45f5ba60beef4dda1fe41, filament_sensors=[]), cfg.settings: NotificationSettings(progress_config=25, state_config=['standby', 'printing', 'paused', 'complete', 'error'], android_progressbar=False, eta_sources=['slicer', 'filament'], snapshot_webcam=None, exclude_filament_sensors=[], inherit_global_settings=True, created=2026-03-23T00:58:06.777211, last_modified=2026-03-23T00:58:06.777211)
2026-03-23 11:38:18,524 mobileraker.QidiPlus4 INFO - 0 notifications generated for machineID: 92e07d36-b96a-4b49-9fcd-43757e7c8599
2026-03-23 11:38:18,525 mobileraker.QidiPlus4 INFO - No snap update necessary for 92e07d36-b96a-4b49-9fcd-43757e7c8599
2026-03-23 11:38:18,527 mobileraker.QidiPlus4 INFO - ---- Completed Evaluations Task! ----
2026-03-23 11:48:23,561 mobileraker.QidiPlus4 INFO - Time-Interval reached. Evaluating!
2026-03-23 11:48:23,563 mobileraker.QidiPlus4 INFO - Snapshot passed threshold. LastSnap: PrinterSnapshot(timestamp=2026-03-23T11:38:18.507831,klippy_ready=True, print_state=standby, m117=None, m117_hash=, virtual_sdcard=VirtualSDCard (progress: 0.000000, file_position: 0), print_stats=PrintStats (filename: , total_duration: 0.0, print_duration: 0.0, state: standby, message: ), current_file=None, toolhead=<mobileraker.data.dtos.moonraker.printer_objects.Toolhead object at 0xffffaf6fbf90>, gcode_move=<mobileraker.data.dtos.moonraker.printer_objects.GCodeMove object at 0xffffaf8c2a50>, gcode_response=Run Current: 1.07A Hold Current: 1.07A, gcode_response_hash=702cc063ba7d39938ec4378d3e0f42208a8ad2b3d3e45f5ba60beef4dda1fe41, timelapse_pause=None, filament_sensors=FilamentSensor(name=filament_tangle_sensor, kind=filament_switch_sensor, enabled=True, filament_detected=True)), NewSnap: PrinterSnapshot(timestamp=2026-03-23T11:48:23.560559,klippy_ready=True, print_state=standby, m117=None, m117_hash=, virtual_sdcard=VirtualSDCard (progress: 0.000000, file_position: 0), print_stats=PrintStats (filename: , total_duration: 0.0, print_duration: 0.0, state: standby, message: ), current_file=None, toolhead=<mobileraker.data.dtos.moonraker.printer_objects.Toolhead object at 0xffffaf825d90>, gcode_move=<mobileraker.data.dtos.moonraker.printer_objects.GCodeMove object at 0xffffaf8c2a50>, gcode_response=Run Current: 1.07A Hold Current: 1.07A, gcode_response_hash=702cc063ba7d39938ec4378d3e0f42208a8ad2b3d3e45f5ba60beef4dda1fe41, timelapse_pause=None, filament_sensors=FilamentSensor(name=filament_tangle_sensor, kind=filament_switch_sensor, enabled=True, filament_detected=True))
2026-03-23 11:48:23,573 mobileraker.QidiPlus4 INFO - Fetched 1 app Cfgs!
2026-03-23 11:48:23,574 mobileraker.QidiPlus4 INFO - Evaluate for machineID 92e07d36-b96a-4b49-9fcd-43757e7c8599, cfg.version: 2.9.7-ios , cfg.snap: NotificationSnap(progress=0, progress_live_activity=0, progress_progressbar=0, last_progress=1970-01-01 00:00:00, last_progress_live_activity=1970-01-01 00:00:00, last_progress_progressbar=1970-01-01 00:00:00, state=standby, m117=, gcode_response=702cc063ba7d39938ec4378d3e0f42208a8ad2b3d3e45f5ba60beef4dda1fe41, filament_sensors=[]), cfg.settings: NotificationSettings(progress_config=25, state_config=['standby', 'printing', 'paused', 'complete', 'error'], android_progressbar=False, eta_sources=['slicer', 'filament'], snapshot_webcam=None, exclude_filament_sensors=[], inherit_global_settings=True, created=2026-03-23T00:58:06.777211, last_modified=2026-03-23T00:58:06.777211)
2026-03-23 11:48:23,576 mobileraker.QidiPlus4 INFO - 0 notifications generated for machineID: 92e07d36-b96a-4b49-9fcd-43757e7c8599
2026-03-23 11:48:23,578 mobileraker.QidiPlus4 INFO - No snap update necessary for 92e07d36-b96a-4b49-9fcd-43757e7c8599
2026-03-23 11:48:23,579 mobileraker.QidiPlus4 INFO - ---- Completed Evaluations Task! ----
2026-03-23 11:58:28,598 mobileraker.QidiPlus4 INFO - Time-Interval reached. Evaluating!
2026-03-23 11:58:28,600 mobileraker.QidiPlus4 INFO - Snapshot passed threshold. LastSnap: PrinterSnapshot(timestamp=2026-03-23T11:48:23.560559,klippy_ready=True, print_state=standby, m117=None, m117_hash=, virtual_sdcard=VirtualSDCard (progress: 0.000000, file_position: 0), print_stats=PrintStats (filename: , total_duration: 0.0, print_duration: 0.0, state: standby, message: ), current_file=None, toolhead=<mobileraker.data.dtos.moonraker.printer_objects.Toolhead object at 0xffffaf825d90>, gcode_move=<mobileraker.data.dtos.moonraker.printer_objects.GCodeMove object at 0xffffaf8c2a50>, gcode_response=Run Current: 1.07A Hold Current: 1.07A, gcode_response_hash=702cc063ba7d39938ec4378d3e0f42208a8ad2b3d3e45f5ba60beef4dda1fe41, timelapse_pause=None, filament_sensors=FilamentSensor(name=filament_tangle_sensor, kind=filament_switch_sensor, enabled=True, filament_detected=True)), NewSnap: PrinterSnapshot(timestamp=2026-03-23T11:58:28.596889,klippy_ready=True, print_state=standby, m117=None, m117_hash=, virtual_sdcard=VirtualSDCard (progress: 0.000000, file_position: 0), print_stats=PrintStats (filename: , total_duration: 0.0, print_duration: 0.0, state: standby, message: ), current_file=None, toolhead=<mobileraker.data.dtos.moonraker.printer_objects.Toolhead object at 0xffffaf6fac90>, gcode_move=<mobileraker.data.dtos.moonraker.printer_objects.GCodeMove object at 0xffffaf8c2a50>, gcode_response=Run Current: 1.07A Hold Current: 1.07A, gcode_response_hash=702cc063ba7d39938ec4378d3e0f42208a8ad2b3d3e45f5ba60beef4dda1fe41, timelapse_pause=None, filament_sensors=FilamentSensor(name=filament_tangle_sensor, kind=filament_switch_sensor, enabled=True, filament_detected=True))
2026-03-23 11:58:28,613 mobileraker.QidiPlus4 INFO - Fetched 1 app Cfgs!
2026-03-23 11:58:28,615 mobileraker.QidiPlus4 INFO - Evaluate for machineID 92e07d36-b96a-4b49-9fcd-43757e7c8599, cfg.version: 2.9.7-ios , cfg.snap: NotificationSnap(progress=0, progress_live_activity=0, progress_progressbar=0, last_progress=1970-01-01 00:00:00, last_progress_live_activity=1970-01-01 00:00:00, last_progress_progressbar=1970-01-01 00:00:00, state=standby, m117=, gcode_response=702cc063ba7d39938ec4378d3e0f42208a8ad2b3d3e45f5ba60beef4dda1fe41, filament_sensors=[]), cfg.settings: NotificationSettings(progress_config=25, state_config=['standby', 'printing', 'paused', 'complete', 'error'], android_progressbar=False, eta_sources=['slicer', 'filament'], snapshot_webcam=None, exclude_filament_sensors=[], inherit_global_settings=True, created=2026-03-23T00:58:06.777211, last_modified=2026-03-23T00:58:06.777211)
2026-03-23 11:58:28,618 mobileraker.QidiPlus4 INFO - 0 notifications generated for machineID: 92e07d36-b96a-4b49-9fcd-43757e7c8599
2026-03-23 11:58:28,619 mobileraker.QidiPlus4 INFO - No snap update necessary for 92e07d36-b96a-4b49-9fcd-43757e7c8599
2026-03-23 11:58:28,621 mobileraker.QidiPlus4 INFO - ---- Completed Evaluations Task! ----
2026-03-23 12:08:33,651 mobileraker.QidiPlus4 INFO - Time-Interval reached. Evaluating!
2026-03-23 12:08:33,652 mobileraker.QidiPlus4 INFO - Snapshot passed threshold. LastSnap: PrinterSnapshot(timestamp=2026-03-23T11:58:28.596889,klippy_ready=True, print_state=standby, m117=None, m117_hash=, virtual_sdcard=VirtualSDCard (progress: 0.000000, file_position: 0), print_stats=PrintStats (filename: , total_duration: 0.0, print_duration: 0.0, state: standby, message: ), current_file=None, toolhead=<mobileraker.data.dtos.moonraker.printer_objects.Toolhead object at 0xffffaf6fac90>, gcode_move=<mobileraker.data.dtos.moonraker.printer_objects.GCodeMove object at 0xffffaf8c2a50>, gcode_response=Run Current: 1.07A Hold Current: 1.07A, gcode_response_hash=702cc063ba7d39938ec4378d3e0f42208a8ad2b3d3e45f5ba60beef4dda1fe41, timelapse_pause=None, filament_sensors=FilamentSensor(name=filament_tangle_sensor, kind=filament_switch_sensor, enabled=True, filament_detected=True)), NewSnap: PrinterSnapshot(timestamp=2026-03-23T12:08:33.650440,klippy_ready=True, print_state=standby, m117=None, m117_hash=, virtual_sdcard=VirtualSDCard (progress: 0.000000, file_position: 0), print_stats=PrintStats (filename: , total_duration: 0.0, print_duration: 0.0, state: standby, message: ), current_file=None, toolhead=<mobileraker.data.dtos.moonraker.printer_objects.Toolhead object at 0xffffaf6fbcd0>, gcode_move=<mobileraker.data.dtos.moonraker.printer_objects.GCodeMove object at 0xffffaf8c2a50>, gcode_response=Run Current: 1.07A Hold Current: 1.07A, gcode_response_hash=702cc063ba7d39938ec4378d3e0f42208a8ad2b3d3e45f5ba60beef4dda1fe41, timelapse_pause=None, filament_sensors=FilamentSensor(name=filament_tangle_sensor, kind=filament_switch_sensor, enabled=True, filament_detected=True))
2026-03-23 12:08:33,658 mobileraker.QidiPlus4 INFO - Fetched 1 app Cfgs!
2026-03-23 12:08:33,659 mobileraker.QidiPlus4 INFO - Evaluate for machineID 92e07d36-b96a-4b49-9fcd-43757e7c8599, cfg.version: 2.9.7-ios , cfg.snap: NotificationSnap(progress=0, progress_live_activity=0, progress_progressbar=0, last_progress=1970-01-01 00:00:00, last_progress_live_activity=1970-01-01 00:00:00, last_progress_progressbar=1970-01-01 00:00:00, state=standby, m117=, gcode_response=702cc063ba7d39938ec4378d3e0f42208a8ad2b3d3e45f5ba60beef4dda1fe41, filament_sensors=[]), cfg.settings: NotificationSettings(progress_config=25, state_config=['standby', 'printing', 'paused', 'complete', 'error'], android_progressbar=False, eta_sources=['slicer', 'filament'], snapshot_webcam=None, exclude_filament_sensors=[], inherit_global_settings=True, created=2026-03-23T00:58:06.777211, last_modified=2026-03-23T00:58:06.777211)
2026-03-23 12:08:33,661 mobileraker.QidiPlus4 INFO - 0 notifications generated for machineID: 92e07d36-b96a-4b49-9fcd-43757e7c8599
2026-03-23 12:08:33,662 mobileraker.QidiPlus4 INFO - No snap update necessary for 92e07d36-b96a-4b49-9fcd-43757e7c8599
2026-03-23 12:08:33,663 mobileraker.QidiPlus4 INFO - ---- Completed Evaluations Task! ----
2026-03-23 12:18:38,703 mobileraker.QidiPlus4 INFO - Time-Interval reached. Evaluating!
2026-03-23 12:18:38,705 mobileraker.QidiPlus4 INFO - Snapshot passed threshold. LastSnap: PrinterSnapshot(timestamp=2026-03-23T12:08:33.650440,klippy_ready=True, print_state=standby, m117=None, m117_hash=, virtual_sdcard=VirtualSDCard (progress: 0.000000, file_position: 0), print_stats=PrintStats (filename: , total_duration: 0.0, print_duration: 0.0, state: standby, message: ), current_file=None, toolhead=<mobileraker.data.dtos.moonraker.printer_objects.Toolhead object at 0xffffaf6fbcd0>, gcode_move=<mobileraker.data.dtos.moonraker.printer_objects.GCodeMove object at 0xffffaf8c2a50>, gcode_response=Run Current: 1.07A Hold Current: 1.07A, gcode_response_hash=702cc063ba7d39938ec4378d3e0f42208a8ad2b3d3e45f5ba60beef4dda1fe41, timelapse_pause=None, filament_sensors=FilamentSensor(name=filament_tangle_sensor, kind=filament_switch_sensor, enabled=True, filament_detected=True)), NewSnap: PrinterSnapshot(timestamp=2026-03-23T12:18:38.702227,klippy_ready=True, print_state=standby, m117=None, m117_hash=, virtual_sdcard=VirtualSDCard (progress: 0.000000, file_position: 0), print_stats=PrintStats (filename: , total_duration: 0.0, print_duration: 0.0, state: standby, message: ), current_file=None, toolhead=<mobileraker.data.dtos.moonraker.printer_objects.Toolhead object at 0xffffaf6fac90>, gcode_move=<mobileraker.data.dtos.moonraker.printer_objects.GCodeMove object at 0xffffaf8c2a50>, gcode_response=Run Current: 1.07A Hold Current: 1.07A, gcode_response_hash=702cc063ba7d39938ec4378d3e0f42208a8ad2b3d3e45f5ba60beef4dda1fe41, timelapse_pause=None, filament_sensors=FilamentSensor(name=filament_tangle_sensor, kind=filament_switch_sensor, enabled=True, filament_detected=True))
2026-03-23 12:18:38,715 mobileraker.QidiPlus4 INFO - Fetched 1 app Cfgs!
2026-03-23 12:18:38,716 mobileraker.QidiPlus4 INFO - Evaluate for machineID 92e07d36-b96a-4b49-9fcd-43757e7c8599, cfg.version: 2.9.7-ios , cfg.snap: NotificationSnap(progress=0, progress_live_activity=0, progress_progressbar=0, last_progress=1970-01-01 00:00:00, last_progress_live_activity=1970-01-01 00:00:00, last_progress_progressbar=1970-01-01 00:00:00, state=standby, m117=, gcode_response=702cc063ba7d39938ec4378d3e0f42208a8ad2b3d3e45f5ba60beef4dda1fe41, filament_sensors=[]), cfg.settings: NotificationSettings(progress_config=25, state_config=['standby', 'printing', 'paused', 'complete', 'error'], android_progressbar=False, eta_sources=['slicer', 'filament'], snapshot_webcam=None, exclude_filament_sensors=[], inherit_global_settings=True, created=2026-03-23T00:58:06.777211, last_modified=2026-03-23T00:58:06.777211)
2026-03-23 12:18:38,718 mobileraker.QidiPlus4 INFO - 0 notifications generated for machineID: 92e07d36-b96a-4b49-9fcd-43757e7c8599
2026-03-23 12:18:38,720 mobileraker.QidiPlus4 INFO - No snap update necessary for 92e07d36-b96a-4b49-9fcd-43757e7c8599
2026-03-23 12:18:38,721 mobileraker.QidiPlus4 INFO - ---- Completed Evaluations Task! ----
2026-03-23 12:28:43,768 mobileraker.QidiPlus4 INFO - Time-Interval reached. Evaluating!
2026-03-23 12:28:43,769 mobileraker.QidiPlus4 INFO - Snapshot passed threshold. LastSnap: PrinterSnapshot(timestamp=2026-03-23T12:18:38.702227,klippy_ready=True, print_state=standby, m117=None, m117_hash=, virtual_sdcard=VirtualSDCard (progress: 0.000000, file_position: 0), print_stats=PrintStats (filename: , total_duration: 0.0, print_duration: 0.0, state: standby, message: ), current_file=None, toolhead=<mobileraker.data.dtos.moonraker.printer_objects.Toolhead object at 0xffffaf6fac90>, gcode_move=<mobileraker.data.dtos.moonraker.printer_objects.GCodeMove object at 0xffffaf8c2a50>, gcode_response=Run Current: 1.07A Hold Current: 1.07A, gcode_response_hash=702cc063ba7d39938ec4378d3e0f42208a8ad2b3d3e45f5ba60beef4dda1fe41, timelapse_pause=None, filament_sensors=FilamentSensor(name=filament_tangle_sensor, kind=filament_switch_sensor, enabled=True, filament_detected=True)), NewSnap: PrinterSnapshot(timestamp=2026-03-23T12:28:43.766261,klippy_ready=True, print_state=standby, m117=None, m117_hash=, virtual_sdcard=VirtualSDCard (progress: 0.000000, file_position: 0), print_stats=PrintStats (filename: , total_duration: 0.0, print_duration: 0.0, state: standby, message: ), current_file=None, toolhead=<mobileraker.data.dtos.moonraker.printer_objects.Toolhead object at 0xffffaf6f8fd0>, gcode_move=<mobileraker.data.dtos.moonraker.printer_objects.GCodeMove object at 0xffffaf8c2a50>, gcode_response=Run Current: 1.07A Hold Current: 1.07A, gcode_response_hash=702cc063ba7d39938ec4378d3e0f42208a8ad2b3d3e45f5ba60beef4dda1fe41, timelapse_pause=None, filament_sensors=FilamentSensor(name=filament_tangle_sensor, kind=filament_switch_sensor, enabled=True, filament_detected=True))
2026-03-23 12:28:43,782 mobileraker.QidiPlus4 INFO - Fetched 1 app Cfgs!
2026-03-23 12:28:43,784 mobileraker.QidiPlus4 INFO - Evaluate for machineID 92e07d36-b96a-4b49-9fcd-43757e7c8599, cfg.version: 2.9.7-ios , cfg.snap: NotificationSnap(progress=0, progress_live_activity=0, progress_progressbar=0, last_progress=1970-01-01 00:00:00, last_progress_live_activity=1970-01-01 00:00:00, last_progress_progressbar=1970-01-01 00:00:00, state=standby, m117=, gcode_response=702cc063ba7d39938ec4378d3e0f42208a8ad2b3d3e45f5ba60beef4dda1fe41, filament_sensors=[]), cfg.settings: NotificationSettings(progress_config=25, state_config=['standby', 'printing', 'paused', 'complete', 'error'], android_progressbar=False, eta_sources=['slicer', 'filament'], snapshot_webcam=None, exclude_filament_sensors=[], inherit_global_settings=True, created=2026-03-23T00:58:06.777211, last_modified=2026-03-23T00:58:06.777211)
2026-03-23 12:28:43,787 mobileraker.QidiPlus4 INFO - 0 notifications generated for machineID: 92e07d36-b96a-4b49-9fcd-43757e7c8599
2026-03-23 12:28:43,789 mobileraker.QidiPlus4 INFO - No snap update necessary for 92e07d36-b96a-4b49-9fcd-43757e7c8599
2026-03-23 12:28:43,791 mobileraker.QidiPlus4 INFO - ---- Completed Evaluations Task! ----
2026-03-23 12:38:48,790 mobileraker.QidiPlus4 INFO - Time-Interval reached. Evaluating!
2026-03-23 12:38:48,792 mobileraker.QidiPlus4 INFO - Snapshot passed threshold. LastSnap: PrinterSnapshot(timestamp=2026-03-23T12:28:43.766261,klippy_ready=True, print_state=standby, m117=None, m117_hash=, virtual_sdcard=VirtualSDCard (progress: 0.000000, file_position: 0), print_stats=PrintStats (filename: , total_duration: 0.0, print_duration: 0.0, state: standby, message: ), current_file=None, toolhead=<mobileraker.data.dtos.moonraker.printer_objects.Toolhead object at 0xffffaf6f8fd0>, gcode_move=<mobileraker.data.dtos.moonraker.printer_objects.GCodeMove object at 0xffffaf8c2a50>, gcode_response=Run Current: 1.07A Hold Current: 1.07A, gcode_response_hash=702cc063ba7d39938ec4378d3e0f42208a8ad2b3d3e45f5ba60beef4dda1fe41, timelapse_pause=None, filament_sensors=FilamentSensor(name=filament_tangle_sensor, kind=filament_switch_sensor, enabled=True, filament_detected=True)), NewSnap: PrinterSnapshot(timestamp=2026-03-23T12:38:48.789132,klippy_ready=True, print_state=standby, m117=None, m117_hash=, virtual_sdcard=VirtualSDCard (progress: 0.000000, file_position: 0), print_stats=PrintStats (filename: , total_duration: 0.0, print_duration: 0.0, state: standby, message: ), current_file=None, toolhead=<mobileraker.data.dtos.moonraker.printer_objects.Toolhead object at 0xffffaf6fbcd0>, gcode_move=<mobileraker.data.dtos.moonraker.printer_objects.GCodeMove object at 0xffffaf8c2a50>, gcode_response=Run Current: 1.07A Hold Current: 1.07A, gcode_response_hash=702cc063ba7d39938ec4378d3e0f42208a8ad2b3d3e45f5ba60beef4dda1fe41, timelapse_pause=None, filament_sensors=FilamentSensor(name=filament_tangle_sensor, kind=filament_switch_sensor, enabled=True, filament_detected=True))
2026-03-23 12:38:48,802 mobileraker.QidiPlus4 INFO - Fetched 1 app Cfgs!
2026-03-23 12:38:48,803 mobileraker.QidiPlus4 INFO - Evaluate for machineID 92e07d36-b96a-4b49-9fcd-43757e7c8599, cfg.version: 2.9.7-ios , cfg.snap: NotificationSnap(progress=0, progress_live_activity=0, progress_progressbar=0, last_progress=1970-01-01 00:00:00, last_progress_live_activity=1970-01-01 00:00:00, last_progress_progressbar=1970-01-01 00:00:00, state=standby, m117=, gcode_response=702cc063ba7d39938ec4378d3e0f42208a8ad2b3d3e45f5ba60beef4dda1fe41, filament_sensors=[]), cfg.settings: NotificationSettings(progress_config=25, state_config=['standby', 'printing', 'paused', 'complete', 'error'], android_progressbar=False, eta_sources=['slicer', 'filament'], snapshot_webcam=None, exclude_filament_sensors=[], inherit_global_settings=True, created=2026-03-23T00:58:06.777211, last_modified=2026-03-23T00:58:06.777211)
2026-03-23 12:38:48,806 mobileraker.QidiPlus4 INFO - 0 notifications generated for machineID: 92e07d36-b96a-4b49-9fcd-43757e7c8599
2026-03-23 12:38:48,807 mobileraker.QidiPlus4 INFO - No snap update necessary for 92e07d36-b96a-4b49-9fcd-43757e7c8599
2026-03-23 12:38:48,809 mobileraker.QidiPlus4 INFO - ---- Completed Evaluations Task! ----
2026-03-23 12:48:53,837 mobileraker.QidiPlus4 INFO - Time-Interval reached. Evaluating!
2026-03-23 12:48:53,839 mobileraker.QidiPlus4 INFO - Snapshot passed threshold. LastSnap: PrinterSnapshot(timestamp=2026-03-23T12:38:48.789132,klippy_ready=True, print_state=standby, m117=None, m117_hash=, virtual_sdcard=VirtualSDCard (progress: 0.000000, file_position: 0), print_stats=PrintStats (filename: , total_duration: 0.0, print_duration: 0.0, state: standby, message: ), current_file=None, toolhead=<mobileraker.data.dtos.moonraker.printer_objects.Toolhead object at 0xffffaf6fbcd0>, gcode_move=<mobileraker.data.dtos.moonraker.printer_objects.GCodeMove object at 0xffffaf8c2a50>, gcode_response=Run Current: 1.07A Hold Current: 1.07A, gcode_response_hash=702cc063ba7d39938ec4378d3e0f42208a8ad2b3d3e45f5ba60beef4dda1fe41, timelapse_pause=None, filament_sensors=FilamentSensor(name=filament_tangle_sensor, kind=filament_switch_sensor, enabled=True, filament_detected=True)), NewSnap: PrinterSnapshot(timestamp=2026-03-23T12:48:53.835994,klippy_ready=True, print_state=standby, m117=None, m117_hash=, virtual_sdcard=VirtualSDCard (progress: 0.000000, file_position: 0), print_stats=PrintStats (filename: , total_duration: 0.0, print_duration: 0.0, state: standby, message: ), current_file=None, toolhead=<mobileraker.data.dtos.moonraker.printer_objects.Toolhead object at 0xffffaf6fbe50>, gcode_move=<mobileraker.data.dtos.moonraker.printer_objects.GCodeMove object at 0xffffaf8c2a50>, gcode_response=Run Current: 1.07A Hold Current: 1.07A, gcode_response_hash=702cc063ba7d39938ec4378d3e0f42208a8ad2b3d3e45f5ba60beef4dda1fe41, timelapse_pause=None, filament_sensors=FilamentSensor(name=filament_tangle_sensor, kind=filament_switch_sensor, enabled=True, filament_detected=True))
2026-03-23 12:48:53,852 mobileraker.QidiPlus4 INFO - Fetched 1 app Cfgs!
2026-03-23 12:48:53,854 mobileraker.QidiPlus4 INFO - Evaluate for machineID 92e07d36-b96a-4b49-9fcd-43757e7c8599, cfg.version: 2.9.7-ios , cfg.snap: NotificationSnap(progress=0, progress_live_activity=0, progress_progressbar=0, last_progress=1970-01-01 00:00:00, last_progress_live_activity=1970-01-01 00:00:00, last_progress_progressbar=1970-01-01 00:00:00, state=standby, m117=, gcode_response=702cc063ba7d39938ec4378d3e0f42208a8ad2b3d3e45f5ba60beef4dda1fe41, filament_sensors=[]), cfg.settings: NotificationSettings(progress_config=25, state_config=['standby', 'printing', 'paused', 'complete', 'error'], android_progressbar=False, eta_sources=['slicer', 'filament'], snapshot_webcam=None, exclude_filament_sensors=[], inherit_global_settings=True, created=2026-03-23T00:58:06.777211, last_modified=2026-03-23T00:58:06.777211)
2026-03-23 12:48:53,857 mobileraker.QidiPlus4 INFO - 0 notifications generated for machineID: 92e07d36-b96a-4b49-9fcd-43757e7c8599
2026-03-23 12:48:53,858 mobileraker.QidiPlus4 INFO - No snap update necessary for 92e07d36-b96a-4b49-9fcd-43757e7c8599
2026-03-23 12:48:53,860 mobileraker.QidiPlus4 INFO - ---- Completed Evaluations Task! ----
2026-03-23 12:58:58,887 mobileraker.QidiPlus4 INFO - Time-Interval reached. Evaluating!
2026-03-23 12:58:58,889 mobileraker.QidiPlus4 INFO - Snapshot passed threshold. LastSnap: PrinterSnapshot(timestamp=2026-03-23T12:48:53.835994,klippy_ready=True, print_state=standby, m117=None, m117_hash=, virtual_sdcard=VirtualSDCard (progress: 0.000000, file_position: 0), print_stats=PrintStats (filename: , total_duration: 0.0, print_duration: 0.0, state: standby, message: ), current_file=None, toolhead=<mobileraker.data.dtos.moonraker.printer_objects.Toolhead object at 0xffffaf6fbe50>, gcode_move=<mobileraker.data.dtos.moonraker.printer_objects.GCodeMove object at 0xffffaf8c2a50>, gcode_response=Run Current: 1.07A Hold Current: 1.07A, gcode_response_hash=702cc063ba7d39938ec4378d3e0f42208a8ad2b3d3e45f5ba60beef4dda1fe41, timelapse_pause=None, filament_sensors=FilamentSensor(name=filament_tangle_sensor, kind=filament_switch_sensor, enabled=True, filament_detected=True)), NewSnap: PrinterSnapshot(timestamp=2026-03-23T12:58:58.885292,klippy_ready=True, print_state=standby, m117=None, m117_hash=, virtual_sdcard=VirtualSDCard (progress: 0.000000, file_position: 0), print_stats=PrintStats (filename: , total_duration: 0.0, print_duration: 0.0, state: standby, message: ), current_file=None, toolhead=<mobileraker.data.dtos.moonraker.printer_objects.Toolhead object at 0xffffaf6f8e90>, gcode_move=<mobileraker.data.dtos.moonraker.printer_objects.GCodeMove object at 0xffffaf8c2a50>, gcode_response=Run Current: 1.07A Hold Current: 1.07A, gcode_response_hash=702cc063ba7d39938ec4378d3e0f42208a8ad2b3d3e45f5ba60beef4dda1fe41, timelapse_pause=None, filament_sensors=FilamentSensor(name=filament_tangle_sensor, kind=filament_switch_sensor, enabled=True, filament_detected=True))
2026-03-23 12:58:58,902 mobileraker.QidiPlus4 INFO - Fetched 1 app Cfgs!
2026-03-23 12:58:58,904 mobileraker.QidiPlus4 INFO - Evaluate for machineID 92e07d36-b96a-4b49-9fcd-43757e7c8599, cfg.version: 2.9.7-ios , cfg.snap: NotificationSnap(progress=0, progress_live_activity=0, progress_progressbar=0, last_progress=1970-01-01 00:00:00, last_progress_live_activity=1970-01-01 00:00:00, last_progress_progressbar=1970-01-01 00:00:00, state=standby, m117=, gcode_response=702cc063ba7d39938ec4378d3e0f42208a8ad2b3d3e45f5ba60beef4dda1fe41, filament_sensors=[]), cfg.settings: NotificationSettings(progress_config=25, state_config=['standby', 'printing', 'paused', 'complete', 'error'], android_progressbar=False, eta_sources=['slicer', 'filament'], snapshot_webcam=None, exclude_filament_sensors=[], inherit_global_settings=True, created=2026-03-23T00:58:06.777211, last_modified=2026-03-23T00:58:06.777211)
2026-03-23 12:58:58,906 mobileraker.QidiPlus4 INFO - 0 notifications generated for machineID: 92e07d36-b96a-4b49-9fcd-43757e7c8599
2026-03-23 12:58:58,908 mobileraker.QidiPlus4 INFO - No snap update necessary for 92e07d36-b96a-4b49-9fcd-43757e7c8599
2026-03-23 12:58:58,910 mobileraker.QidiPlus4 INFO - ---- Completed Evaluations Task! ----
2026-03-23 13:09:03,964 mobileraker.QidiPlus4 INFO - Time-Interval reached. Evaluating!
2026-03-23 13:09:03,966 mobileraker.QidiPlus4 INFO - Snapshot passed threshold. LastSnap: PrinterSnapshot(timestamp=2026-03-23T12:58:58.885292,klippy_ready=True, print_state=standby, m117=None, m117_hash=, virtual_sdcard=VirtualSDCard (progress: 0.000000, file_position: 0), print_stats=PrintStats (filename: , total_duration: 0.0, print_duration: 0.0, state: standby, message: ), current_file=None, toolhead=<mobileraker.data.dtos.moonraker.printer_objects.Toolhead object at 0xffffaf6f8e90>, gcode_move=<mobileraker.data.dtos.moonraker.printer_objects.GCodeMove object at 0xffffaf8c2a50>, gcode_response=Run Current: 1.07A Hold Current: 1.07A, gcode_response_hash=702cc063ba7d39938ec4378d3e0f42208a8ad2b3d3e45f5ba60beef4dda1fe41, timelapse_pause=None, filament_sensors=FilamentSensor(name=filament_tangle_sensor, kind=filament_switch_sensor, enabled=True, filament_detected=True)), NewSnap: PrinterSnapshot(timestamp=2026-03-23T13:09:03.963417,klippy_ready=True, print_state=standby, m117=None, m117_hash=, virtual_sdcard=VirtualSDCard (progress: 0.000000, file_position: 0), print_stats=PrintStats (filename: , total_duration: 0.0, print_duration: 0.0, state: standby, message: ), current_file=None, toolhead=<mobileraker.data.dtos.moonraker.printer_objects.Toolhead object at 0xffffaf6f9390>, gcode_move=<mobileraker.data.dtos.moonraker.printer_objects.GCodeMove object at 0xffffaf8c2a50>, gcode_response=Run Current: 1.07A Hold Current: 1.07A, gcode_response_hash=702cc063ba7d39938ec4378d3e0f42208a8ad2b3d3e45f5ba60beef4dda1fe41, timelapse_pause=None, filament_sensors=FilamentSensor(name=filament_tangle_sensor, kind=filament_switch_sensor, enabled=True, filament_detected=True))
2026-03-23 13:09:03,976 mobileraker.QidiPlus4 INFO - Fetched 1 app Cfgs!
2026-03-23 13:09:03,977 mobileraker.QidiPlus4 INFO - Evaluate for machineID 92e07d36-b96a-4b49-9fcd-43757e7c8599, cfg.version: 2.9.7-ios , cfg.snap: NotificationSnap(progress=0, progress_live_activity=0, progress_progressbar=0, last_progress=1970-01-01 00:00:00, last_progress_live_activity=1970-01-01 00:00:00, last_progress_progressbar=1970-01-01 00:00:00, state=standby, m117=, gcode_response=702cc063ba7d39938ec4378d3e0f42208a8ad2b3d3e45f5ba60beef4dda1fe41, filament_sensors=[]), cfg.settings: NotificationSettings(progress_config=25, state_config=['standby', 'printing', 'paused', 'complete', 'error'], android_progressbar=False, eta_sources=['slicer', 'filament'], snapshot_webcam=None, exclude_filament_sensors=[], inherit_global_settings=True, created=2026-03-23T00:58:06.777211, last_modified=2026-03-23T00:58:06.777211)
2026-03-23 13:09:03,979 mobileraker.QidiPlus4 INFO - 0 notifications generated for machineID: 92e07d36-b96a-4b49-9fcd-43757e7c8599
2026-03-23 13:09:03,981 mobileraker.QidiPlus4 INFO - No snap update necessary for 92e07d36-b96a-4b49-9fcd-43757e7c8599
2026-03-23 13:09:03,982 mobileraker.QidiPlus4 INFO - ---- Completed Evaluations Task! ----
2026-03-23 13:19:09,051 mobileraker.QidiPlus4 INFO - Time-Interval reached. Evaluating!
2026-03-23 13:19:09,052 mobileraker.QidiPlus4 INFO - Snapshot passed threshold. LastSnap: PrinterSnapshot(timestamp=2026-03-23T13:09:03.963417,klippy_ready=True, print_state=standby, m117=None, m117_hash=, virtual_sdcard=VirtualSDCard (progress: 0.000000, file_position: 0), print_stats=PrintStats (filename: , total_duration: 0.0, print_duration: 0.0, state: standby, message: ), current_file=None, toolhead=<mobileraker.data.dtos.moonraker.printer_objects.Toolhead object at 0xffffaf6f9390>, gcode_move=<mobileraker.data.dtos.moonraker.printer_objects.GCodeMove object at 0xffffaf8c2a50>, gcode_response=Run Current: 1.07A Hold Current: 1.07A, gcode_response_hash=702cc063ba7d39938ec4378d3e0f42208a8ad2b3d3e45f5ba60beef4dda1fe41, timelapse_pause=None, filament_sensors=FilamentSensor(name=filament_tangle_sensor, kind=filament_switch_sensor, enabled=True, filament_detected=True)), NewSnap: PrinterSnapshot(timestamp=2026-03-23T13:19:09.049371,klippy_ready=True, print_state=standby, m117=None, m117_hash=, virtual_sdcard=VirtualSDCard (progress: 0.000000, file_position: 0), print_stats=PrintStats (filename: , total_duration: 0.0, print_duration: 0.0, state: standby, message: ), current_file=None, toolhead=<mobileraker.data.dtos.moonraker.printer_objects.Toolhead object at 0xffffaf6f9790>, gcode_move=<mobileraker.data.dtos.moonraker.printer_objects.GCodeMove object at 0xffffaf8c2a50>, gcode_response=Run Current: 1.07A Hold Current: 1.07A, gcode_response_hash=702cc063ba7d39938ec4378d3e0f42208a8ad2b3d3e45f5ba60beef4dda1fe41, timelapse_pause=None, filament_sensors=FilamentSensor(name=filament_tangle_sensor, kind=filament_switch_sensor, enabled=True, filament_detected=True))
2026-03-23 13:19:09,066 mobileraker.QidiPlus4 INFO - Fetched 1 app Cfgs!
2026-03-23 13:19:09,067 mobileraker.QidiPlus4 INFO - Evaluate for machineID 92e07d36-b96a-4b49-9fcd-43757e7c8599, cfg.version: 2.9.7-ios , cfg.snap: NotificationSnap(progress=0, progress_live_activity=0, progress_progressbar=0, last_progress=1970-01-01 00:00:00, last_progress_live_activity=1970-01-01 00:00:00, last_progress_progressbar=1970-01-01 00:00:00, state=standby, m117=, gcode_response=702cc063ba7d39938ec4378d3e0f42208a8ad2b3d3e45f5ba60beef4dda1fe41, filament_sensors=[]), cfg.settings: NotificationSettings(progress_config=25, state_config=['standby', 'printing', 'paused', 'complete', 'error'], android_progressbar=False, eta_sources=['slicer', 'filament'], snapshot_webcam=None, exclude_filament_sensors=[], inherit_global_settings=True, created=2026-03-23T00:58:06.777211, last_modified=2026-03-23T00:58:06.777211)
2026-03-23 13:19:09,071 mobileraker.QidiPlus4 INFO - 0 notifications generated for machineID: 92e07d36-b96a-4b49-9fcd-43757e7c8599
2026-03-23 13:19:09,072 mobileraker.QidiPlus4 INFO - No snap update necessary for 92e07d36-b96a-4b49-9fcd-43757e7c8599
2026-03-23 13:19:09,074 mobileraker.QidiPlus4 INFO - ---- Completed Evaluations Task! ----
2026-03-23 13:29:14,108 mobileraker.QidiPlus4 INFO - Time-Interval reached. Evaluating!
2026-03-23 13:29:14,110 mobileraker.QidiPlus4 INFO - Snapshot passed threshold. LastSnap: PrinterSnapshot(timestamp=2026-03-23T13:19:09.049371,klippy_ready=True, print_state=standby, m117=None, m117_hash=, virtual_sdcard=VirtualSDCard (progress: 0.000000, file_position: 0), print_stats=PrintStats (filename: , total_duration: 0.0, print_duration: 0.0, state: standby, message: ), current_file=None, toolhead=<mobileraker.data.dtos.moonraker.printer_objects.Toolhead object at 0xffffaf6f9790>, gcode_move=<mobileraker.data.dtos.moonraker.printer_objects.GCodeMove object at 0xffffaf8c2a50>, gcode_response=Run Current: 1.07A Hold Current: 1.07A, gcode_response_hash=702cc063ba7d39938ec4378d3e0f42208a8ad2b3d3e45f5ba60beef4dda1fe41, timelapse_pause=None, filament_sensors=FilamentSensor(name=filament_tangle_sensor, kind=filament_switch_sensor, enabled=True, filament_detected=True)), NewSnap: PrinterSnapshot(timestamp=2026-03-23T13:29:14.107323,klippy_ready=True, print_state=standby, m117=None, m117_hash=, virtual_sdcard=VirtualSDCard (progress: 0.000000, file_position: 0), print_stats=PrintStats (filename: , total_duration: 0.0, print_duration: 0.0, state: standby, message: ), current_file=None, toolhead=<mobileraker.data.dtos.moonraker.printer_objects.Toolhead object at 0xffffaf6fb650>, gcode_move=<mobileraker.data.dtos.moonraker.printer_objects.GCodeMove object at 0xffffaf8c2a50>, gcode_response=Run Current: 1.07A Hold Current: 1.07A, gcode_response_hash=702cc063ba7d39938ec4378d3e0f42208a8ad2b3d3e45f5ba60beef4dda1fe41, timelapse_pause=None, filament_sensors=FilamentSensor(name=filament_tangle_sensor, kind=filament_switch_sensor, enabled=True, filament_detected=True))
2026-03-23 13:29:14,120 mobileraker.QidiPlus4 INFO - Fetched 1 app Cfgs!
2026-03-23 13:29:14,122 mobileraker.QidiPlus4 INFO - Evaluate for machineID 92e07d36-b96a-4b49-9fcd-43757e7c8599, cfg.version: 2.9.7-ios , cfg.snap: NotificationSnap(progress=0, progress_live_activity=0, progress_progressbar=0, last_progress=1970-01-01 00:00:00, last_progress_live_activity=1970-01-01 00:00:00, last_progress_progressbar=1970-01-01 00:00:00, state=standby, m117=, gcode_response=702cc063ba7d39938ec4378d3e0f42208a8ad2b3d3e45f5ba60beef4dda1fe41, filament_sensors=[]), cfg.settings: NotificationSettings(progress_config=25, state_config=['standby', 'printing', 'paused', 'complete', 'error'], android_progressbar=False, eta_sources=['slicer', 'filament'], snapshot_webcam=None, exclude_filament_sensors=[], inherit_global_settings=True, created=2026-03-23T00:58:06.777211, last_modified=2026-03-23T00:58:06.777211)
2026-03-23 13:29:14,124 mobileraker.QidiPlus4 INFO - 0 notifications generated for machineID: 92e07d36-b96a-4b49-9fcd-43757e7c8599
2026-03-23 13:29:14,125 mobileraker.QidiPlus4 INFO - No snap update necessary for 92e07d36-b96a-4b49-9fcd-43757e7c8599
2026-03-23 13:29:14,127 mobileraker.QidiPlus4 INFO - ---- Completed Evaluations Task! ----
2026-03-23 13:39:19,161 mobileraker.QidiPlus4 INFO - Time-Interval reached. Evaluating!
2026-03-23 13:39:19,162 mobileraker.QidiPlus4 INFO - Snapshot passed threshold. LastSnap: PrinterSnapshot(timestamp=2026-03-23T13:29:14.107323,klippy_ready=True, print_state=standby, m117=None, m117_hash=, virtual_sdcard=VirtualSDCard (progress: 0.000000, file_position: 0), print_stats=PrintStats (filename: , total_duration: 0.0, print_duration: 0.0, state: standby, message: ), current_file=None, toolhead=<mobileraker.data.dtos.moonraker.printer_objects.Toolhead object at 0xffffaf6fb650>, gcode_move=<mobileraker.data.dtos.moonraker.printer_objects.GCodeMove object at 0xffffaf8c2a50>, gcode_response=Run Current: 1.07A Hold Current: 1.07A, gcode_response_hash=702cc063ba7d39938ec4378d3e0f42208a8ad2b3d3e45f5ba60beef4dda1fe41, timelapse_pause=None, filament_sensors=FilamentSensor(name=filament_tangle_sensor, kind=filament_switch_sensor, enabled=True, filament_detected=True)), NewSnap: PrinterSnapshot(timestamp=2026-03-23T13:39:19.159884,klippy_ready=True, print_state=standby, m117=None, m117_hash=, virtual_sdcard=VirtualSDCard (progress: 0.000000, file_position: 0), print_stats=PrintStats (filename: , total_duration: 0.0, print_duration: 0.0, state: standby, message: ), current_file=None, toolhead=<mobileraker.data.dtos.moonraker.printer_objects.Toolhead object at 0xffffaf6fbc10>, gcode_move=<mobileraker.data.dtos.moonraker.printer_objects.GCodeMove object at 0xffffaf8c2a50>, gcode_response=Run Current: 1.07A Hold Current: 1.07A, gcode_response_hash=702cc063ba7d39938ec4378d3e0f42208a8ad2b3d3e45f5ba60beef4dda1fe41, timelapse_pause=None, filament_sensors=FilamentSensor(name=filament_tangle_sensor, kind=filament_switch_sensor, enabled=True, filament_detected=True))
2026-03-23 13:39:19,173 mobileraker.QidiPlus4 INFO - Fetched 1 app Cfgs!
2026-03-23 13:39:19,174 mobileraker.QidiPlus4 INFO - Evaluate for machineID 92e07d36-b96a-4b49-9fcd-43757e7c8599, cfg.version: 2.9.7-ios , cfg.snap: NotificationSnap(progress=0, progress_live_activity=0, progress_progressbar=0, last_progress=1970-01-01 00:00:00, last_progress_live_activity=1970-01-01 00:00:00, last_progress_progressbar=1970-01-01 00:00:00, state=standby, m117=, gcode_response=702cc063ba7d39938ec4378d3e0f42208a8ad2b3d3e45f5ba60beef4dda1fe41, filament_sensors=[]), cfg.settings: NotificationSettings(progress_config=25, state_config=['standby', 'printing', 'paused', 'complete', 'error'], android_progressbar=False, eta_sources=['slicer', 'filament'], snapshot_webcam=None, exclude_filament_sensors=[], inherit_global_settings=True, created=2026-03-23T00:58:06.777211, last_modified=2026-03-23T00:58:06.777211)
2026-03-23 13:39:19,177 mobileraker.QidiPlus4 INFO - 0 notifications generated for machineID: 92e07d36-b96a-4b49-9fcd-43757e7c8599
2026-03-23 13:39:19,178 mobileraker.QidiPlus4 INFO - No snap update necessary for 92e07d36-b96a-4b49-9fcd-43757e7c8599
2026-03-23 13:39:19,180 mobileraker.QidiPlus4 INFO - ---- Completed Evaluations Task! ----
2026-03-23 13:49:24,193 mobileraker.QidiPlus4 INFO - Time-Interval reached. Evaluating!
2026-03-23 13:49:24,194 mobileraker.QidiPlus4 INFO - Snapshot passed threshold. LastSnap: PrinterSnapshot(timestamp=2026-03-23T13:39:19.159884,klippy_ready=True, print_state=standby, m117=None, m117_hash=, virtual_sdcard=VirtualSDCard (progress: 0.000000, file_position: 0), print_stats=PrintStats (filename: , total_duration: 0.0, print_duration: 0.0, state: standby, message: ), current_file=None, toolhead=<mobileraker.data.dtos.moonraker.printer_objects.Toolhead object at 0xffffaf6fbc10>, gcode_move=<mobileraker.data.dtos.moonraker.printer_objects.GCodeMove object at 0xffffaf8c2a50>, gcode_response=Run Current: 1.07A Hold Current: 1.07A, gcode_response_hash=702cc063ba7d39938ec4378d3e0f42208a8ad2b3d3e45f5ba60beef4dda1fe41, timelapse_pause=None, filament_sensors=FilamentSensor(name=filament_tangle_sensor, kind=filament_switch_sensor, enabled=True, filament_detected=True)), NewSnap: PrinterSnapshot(timestamp=2026-03-23T13:49:24.191996,klippy_ready=True, print_state=standby, m117=None, m117_hash=, virtual_sdcard=VirtualSDCard (progress: 0.000000, file_position: 0), print_stats=PrintStats (filename: , total_duration: 0.0, print_duration: 0.0, state: standby, message: ), current_file=None, toolhead=<mobileraker.data.dtos.moonraker.printer_objects.Toolhead object at 0xffffaf6fb750>, gcode_move=<mobileraker.data.dtos.moonraker.printer_objects.GCodeMove object at 0xffffaf8c2a50>, gcode_response=Run Current: 1.07A Hold Current: 1.07A, gcode_response_hash=702cc063ba7d39938ec4378d3e0f42208a8ad2b3d3e45f5ba60beef4dda1fe41, timelapse_pause=None, filament_sensors=FilamentSensor(name=filament_tangle_sensor, kind=filament_switch_sensor, enabled=True, filament_detected=True))
2026-03-23 13:49:24,204 mobileraker.QidiPlus4 INFO - Fetched 1 app Cfgs!
2026-03-23 13:49:24,205 mobileraker.QidiPlus4 INFO - Evaluate for machineID 92e07d36-b96a-4b49-9fcd-43757e7c8599, cfg.version: 2.9.7-ios , cfg.snap: NotificationSnap(progress=0, progress_live_activity=0, progress_progressbar=0, last_progress=1970-01-01 00:00:00, last_progress_live_activity=1970-01-01 00:00:00, last_progress_progressbar=1970-01-01 00:00:00, state=standby, m117=, gcode_response=702cc063ba7d39938ec4378d3e0f42208a8ad2b3d3e45f5ba60beef4dda1fe41, filament_sensors=[]), cfg.settings: NotificationSettings(progress_config=25, state_config=['standby', 'printing', 'paused', 'complete', 'error'], android_progressbar=False, eta_sources=['slicer', 'filament'], snapshot_webcam=None, exclude_filament_sensors=[], inherit_global_settings=True, created=2026-03-23T00:58:06.777211, last_modified=2026-03-23T00:58:06.777211)
2026-03-23 13:49:24,208 mobileraker.QidiPlus4 INFO - 0 notifications generated for machineID: 92e07d36-b96a-4b49-9fcd-43757e7c8599
2026-03-23 13:49:24,209 mobileraker.QidiPlus4 INFO - No snap update necessary for 92e07d36-b96a-4b49-9fcd-43757e7c8599
2026-03-23 13:49:24,211 mobileraker.QidiPlus4 INFO - ---- Completed Evaluations Task! ----
2026-03-23 13:59:29,237 mobileraker.QidiPlus4 INFO - Time-Interval reached. Evaluating!
2026-03-23 13:59:29,238 mobileraker.QidiPlus4 INFO - Snapshot passed threshold. LastSnap: PrinterSnapshot(timestamp=2026-03-23T13:49:24.191996,klippy_ready=True, print_state=standby, m117=None, m117_hash=, virtual_sdcard=VirtualSDCard (progress: 0.000000, file_position: 0), print_stats=PrintStats (filename: , total_duration: 0.0, print_duration: 0.0, state: standby, message: ), current_file=None, toolhead=<mobileraker.data.dtos.moonraker.printer_objects.Toolhead object at 0xffffaf6fb750>, gcode_move=<mobileraker.data.dtos.moonraker.printer_objects.GCodeMove object at 0xffffaf8c2a50>, gcode_response=Run Current: 1.07A Hold Current: 1.07A, gcode_response_hash=702cc063ba7d39938ec4378d3e0f42208a8ad2b3d3e45f5ba60beef4dda1fe41, timelapse_pause=None, filament_sensors=FilamentSensor(name=filament_tangle_sensor, kind=filament_switch_sensor, enabled=True, filament_detected=True)), NewSnap: PrinterSnapshot(timestamp=2026-03-23T13:59:29.235324,klippy_ready=True, print_state=standby, m117=None, m117_hash=, virtual_sdcard=VirtualSDCard (progress: 0.000000, file_position: 0), print_stats=PrintStats (filename: , total_duration: 0.0, print_duration: 0.0, state: standby, message: ), current_file=None, toolhead=<mobileraker.data.dtos.moonraker.printer_objects.Toolhead object at 0xffffaf6fbf90>, gcode_move=<mobileraker.data.dtos.moonraker.printer_objects.GCodeMove object at 0xffffaf8c2a50>, gcode_response=Run Current: 1.07A Hold Current: 1.07A, gcode_response_hash=702cc063ba7d39938ec4378d3e0f42208a8ad2b3d3e45f5ba60beef4dda1fe41, timelapse_pause=None, filament_sensors=FilamentSensor(name=filament_tangle_sensor, kind=filament_switch_sensor, enabled=True, filament_detected=True))
2026-03-23 13:59:29,248 mobileraker.QidiPlus4 INFO - Fetched 1 app Cfgs!
2026-03-23 13:59:29,249 mobileraker.QidiPlus4 INFO - Evaluate for machineID 92e07d36-b96a-4b49-9fcd-43757e7c8599, cfg.version: 2.9.7-ios , cfg.snap: NotificationSnap(progress=0, progress_live_activity=0, progress_progressbar=0, last_progress=1970-01-01 00:00:00, last_progress_live_activity=1970-01-01 00:00:00, last_progress_progressbar=1970-01-01 00:00:00, state=standby, m117=, gcode_response=702cc063ba7d39938ec4378d3e0f42208a8ad2b3d3e45f5ba60beef4dda1fe41, filament_sensors=[]), cfg.settings: NotificationSettings(progress_config=25, state_config=['standby', 'printing', 'paused', 'complete', 'error'], android_progressbar=False, eta_sources=['slicer', 'filament'], snapshot_webcam=None, exclude_filament_sensors=[], inherit_global_settings=True, created=2026-03-23T00:58:06.777211, last_modified=2026-03-23T00:58:06.777211)
2026-03-23 13:59:29,252 mobileraker.QidiPlus4 INFO - 0 notifications generated for machineID: 92e07d36-b96a-4b49-9fcd-43757e7c8599
2026-03-23 13:59:29,253 mobileraker.QidiPlus4 INFO - No snap update necessary for 92e07d36-b96a-4b49-9fcd-43757e7c8599
2026-03-23 13:59:29,254 mobileraker.QidiPlus4 INFO - ---- Completed Evaluations Task! ----
2026-03-23 14:09:34,300 mobileraker.QidiPlus4 INFO - Time-Interval reached. Evaluating!
2026-03-23 14:09:34,301 mobileraker.QidiPlus4 INFO - Snapshot passed threshold. LastSnap: PrinterSnapshot(timestamp=2026-03-23T13:59:29.235324,klippy_ready=True, print_state=standby, m117=None, m117_hash=, virtual_sdcard=VirtualSDCard (progress: 0.000000, file_position: 0), print_stats=PrintStats (filename: , total_duration: 0.0, print_duration: 0.0, state: standby, message: ), current_file=None, toolhead=<mobileraker.data.dtos.moonraker.printer_objects.Toolhead object at 0xffffaf6fbf90>, gcode_move=<mobileraker.data.dtos.moonraker.printer_objects.GCodeMove object at 0xffffaf8c2a50>, gcode_response=Run Current: 1.07A Hold Current: 1.07A, gcode_response_hash=702cc063ba7d39938ec4378d3e0f42208a8ad2b3d3e45f5ba60beef4dda1fe41, timelapse_pause=None, filament_sensors=FilamentSensor(name=filament_tangle_sensor, kind=filament_switch_sensor, enabled=True, filament_detected=True)), NewSnap: PrinterSnapshot(timestamp=2026-03-23T14:09:34.299115,klippy_ready=True, print_state=standby, m117=None, m117_hash=, virtual_sdcard=VirtualSDCard (progress: 0.000000, file_position: 0), print_stats=PrintStats (filename: , total_duration: 0.0, print_duration: 0.0, state: standby, message: ), current_file=None, toolhead=<mobileraker.data.dtos.moonraker.printer_objects.Toolhead object at 0xffffaf8c3250>, gcode_move=<mobileraker.data.dtos.moonraker.printer_objects.GCodeMove object at 0xffffaf8c2a50>, gcode_response=Run Current: 1.07A Hold Current: 1.07A, gcode_response_hash=702cc063ba7d39938ec4378d3e0f42208a8ad2b3d3e45f5ba60beef4dda1fe41, timelapse_pause=None, filament_sensors=FilamentSensor(name=filament_tangle_sensor, kind=filament_switch_sensor, enabled=True, filament_detected=True))
2026-03-23 14:09:34,312 mobileraker.QidiPlus4 INFO - Fetched 1 app Cfgs!
2026-03-23 14:09:34,313 mobileraker.QidiPlus4 INFO - Evaluate for machineID 92e07d36-b96a-4b49-9fcd-43757e7c8599, cfg.version: 2.9.7-ios , cfg.snap: NotificationSnap(progress=0, progress_live_activity=0, progress_progressbar=0, last_progress=1970-01-01 00:00:00, last_progress_live_activity=1970-01-01 00:00:00, last_progress_progressbar=1970-01-01 00:00:00, state=standby, m117=, gcode_response=702cc063ba7d39938ec4378d3e0f42208a8ad2b3d3e45f5ba60beef4dda1fe41, filament_sensors=[]), cfg.settings: NotificationSettings(progress_config=25, state_config=['standby', 'printing', 'paused', 'complete', 'error'], android_progressbar=False, eta_sources=['slicer', 'filament'], snapshot_webcam=None, exclude_filament_sensors=[], inherit_global_settings=True, created=2026-03-23T00:58:06.777211, last_modified=2026-03-23T00:58:06.777211)
2026-03-23 14:09:34,315 mobileraker.QidiPlus4 INFO - 0 notifications generated for machineID: 92e07d36-b96a-4b49-9fcd-43757e7c8599
2026-03-23 14:09:34,317 mobileraker.QidiPlus4 INFO - No snap update necessary for 92e07d36-b96a-4b49-9fcd-43757e7c8599
2026-03-23 14:09:34,318 mobileraker.QidiPlus4 INFO - ---- Completed Evaluations Task! ----
2026-03-23 14:19:39,351 mobileraker.QidiPlus4 INFO - Time-Interval reached. Evaluating!
2026-03-23 14:19:39,352 mobileraker.QidiPlus4 INFO - Snapshot passed threshold. LastSnap: PrinterSnapshot(timestamp=2026-03-23T14:09:34.299115,klippy_ready=True, print_state=standby, m117=None, m117_hash=, virtual_sdcard=VirtualSDCard (progress: 0.000000, file_position: 0), print_stats=PrintStats (filename: , total_duration: 0.0, print_duration: 0.0, state: standby, message: ), current_file=None, toolhead=<mobileraker.data.dtos.moonraker.printer_objects.Toolhead object at 0xffffaf8c3250>, gcode_move=<mobileraker.data.dtos.moonraker.printer_objects.GCodeMove object at 0xffffaf8c2a50>, gcode_response=Run Current: 1.07A Hold Current: 1.07A, gcode_response_hash=702cc063ba7d39938ec4378d3e0f42208a8ad2b3d3e45f5ba60beef4dda1fe41, timelapse_pause=None, filament_sensors=FilamentSensor(name=filament_tangle_sensor, kind=filament_switch_sensor, enabled=True, filament_detected=True)), NewSnap: PrinterSnapshot(timestamp=2026-03-23T14:19:39.350156,klippy_ready=True, print_state=standby, m117=None, m117_hash=, virtual_sdcard=VirtualSDCard (progress: 0.000000, file_position: 0), print_stats=PrintStats (filename: , total_duration: 0.0, print_duration: 0.0, state: standby, message: ), current_file=None, toolhead=<mobileraker.data.dtos.moonraker.printer_objects.Toolhead object at 0xffffaf6fba10>, gcode_move=<mobileraker.data.dtos.moonraker.printer_objects.GCodeMove object at 0xffffaf8c2a50>, gcode_response=Run Current: 1.07A Hold Current: 1.07A, gcode_response_hash=702cc063ba7d39938ec4378d3e0f42208a8ad2b3d3e45f5ba60beef4dda1fe41, timelapse_pause=None, filament_sensors=FilamentSensor(name=filament_tangle_sensor, kind=filament_switch_sensor, enabled=True, filament_detected=True))
2026-03-23 14:19:39,358 mobileraker.QidiPlus4 INFO - Fetched 1 app Cfgs!
2026-03-23 14:19:39,359 mobileraker.QidiPlus4 INFO - Evaluate for machineID 92e07d36-b96a-4b49-9fcd-43757e7c8599, cfg.version: 2.9.7-ios , cfg.snap: NotificationSnap(progress=0, progress_live_activity=0, progress_progressbar=0, last_progress=1970-01-01 00:00:00, last_progress_live_activity=1970-01-01 00:00:00, last_progress_progressbar=1970-01-01 00:00:00, state=standby, m117=, gcode_response=702cc063ba7d39938ec4378d3e0f42208a8ad2b3d3e45f5ba60beef4dda1fe41, filament_sensors=[]), cfg.settings: NotificationSettings(progress_config=25, state_config=['standby', 'printing', 'paused', 'complete', 'error'], android_progressbar=False, eta_sources=['slicer', 'filament'], snapshot_webcam=None, exclude_filament_sensors=[], inherit_global_settings=True, created=2026-03-23T00:58:06.777211, last_modified=2026-03-23T00:58:06.777211)
2026-03-23 14:19:39,361 mobileraker.QidiPlus4 INFO - 0 notifications generated for machineID: 92e07d36-b96a-4b49-9fcd-43757e7c8599
2026-03-23 14:19:39,362 mobileraker.QidiPlus4 INFO - No snap update necessary for 92e07d36-b96a-4b49-9fcd-43757e7c8599
2026-03-23 14:19:39,362 mobileraker.QidiPlus4 INFO - ---- Completed Evaluations Task! ----
2026-03-23 14:29:44,389 mobileraker.QidiPlus4 INFO - Time-Interval reached. Evaluating!
2026-03-23 14:29:44,390 mobileraker.QidiPlus4 INFO - Snapshot passed threshold. LastSnap: PrinterSnapshot(timestamp=2026-03-23T14:19:39.350156,klippy_ready=True, print_state=standby, m117=None, m117_hash=, virtual_sdcard=VirtualSDCard (progress: 0.000000, file_position: 0), print_stats=PrintStats (filename: , total_duration: 0.0, print_duration: 0.0, state: standby, message: ), current_file=None, toolhead=<mobileraker.data.dtos.moonraker.printer_objects.Toolhead object at 0xffffaf6fba10>, gcode_move=<mobileraker.data.dtos.moonraker.printer_objects.GCodeMove object at 0xffffaf8c2a50>, gcode_response=Run Current: 1.07A Hold Current: 1.07A, gcode_response_hash=702cc063ba7d39938ec4378d3e0f42208a8ad2b3d3e45f5ba60beef4dda1fe41, timelapse_pause=None, filament_sensors=FilamentSensor(name=filament_tangle_sensor, kind=filament_switch_sensor, enabled=True, filament_detected=True)), NewSnap: PrinterSnapshot(timestamp=2026-03-23T14:29:44.388003,klippy_ready=True, print_state=standby, m117=None, m117_hash=, virtual_sdcard=VirtualSDCard (progress: 0.000000, file_position: 0), print_stats=PrintStats (filename: , total_duration: 0.0, print_duration: 0.0, state: standby, message: ), current_file=None, toolhead=<mobileraker.data.dtos.moonraker.printer_objects.Toolhead object at 0xffffaf6fbc10>, gcode_move=<mobileraker.data.dtos.moonraker.printer_objects.GCodeMove object at 0xffffaf8c2a50>, gcode_response=Run Current: 1.07A Hold Current: 1.07A, gcode_response_hash=702cc063ba7d39938ec4378d3e0f42208a8ad2b3d3e45f5ba60beef4dda1fe41, timelapse_pause=None, filament_sensors=FilamentSensor(name=filament_tangle_sensor, kind=filament_switch_sensor, enabled=True, filament_detected=True))
2026-03-23 14:29:44,400 mobileraker.QidiPlus4 INFO - Fetched 1 app Cfgs!
2026-03-23 14:29:44,402 mobileraker.QidiPlus4 INFO - Evaluate for machineID 92e07d36-b96a-4b49-9fcd-43757e7c8599, cfg.version: 2.9.7-ios , cfg.snap: NotificationSnap(progress=0, progress_live_activity=0, progress_progressbar=0, last_progress=1970-01-01 00:00:00, last_progress_live_activity=1970-01-01 00:00:00, last_progress_progressbar=1970-01-01 00:00:00, state=standby, m117=, gcode_response=702cc063ba7d39938ec4378d3e0f42208a8ad2b3d3e45f5ba60beef4dda1fe41, filament_sensors=[]), cfg.settings: NotificationSettings(progress_config=25, state_config=['standby', 'printing', 'paused', 'complete', 'error'], android_progressbar=False, eta_sources=['slicer', 'filament'], snapshot_webcam=None, exclude_filament_sensors=[], inherit_global_settings=True, created=2026-03-23T00:58:06.777211, last_modified=2026-03-23T00:58:06.777211)
2026-03-23 14:29:44,404 mobileraker.QidiPlus4 INFO - 0 notifications generated for machineID: 92e07d36-b96a-4b49-9fcd-43757e7c8599
2026-03-23 14:29:44,406 mobileraker.QidiPlus4 INFO - No snap update necessary for 92e07d36-b96a-4b49-9fcd-43757e7c8599
2026-03-23 14:29:44,407 mobileraker.QidiPlus4 INFO - ---- Completed Evaluations Task! ----
2026-03-23 14:39:49,438 mobileraker.QidiPlus4 INFO - Time-Interval reached. Evaluating!
2026-03-23 14:39:49,439 mobileraker.QidiPlus4 INFO - Snapshot passed threshold. LastSnap: PrinterSnapshot(timestamp=2026-03-23T14:29:44.388003,klippy_ready=True, print_state=standby, m117=None, m117_hash=, virtual_sdcard=VirtualSDCard (progress: 0.000000, file_position: 0), print_stats=PrintStats (filename: , total_duration: 0.0, print_duration: 0.0, state: standby, message: ), current_file=None, toolhead=<mobileraker.data.dtos.moonraker.printer_objects.Toolhead object at 0xffffaf6fbc10>, gcode_move=<mobileraker.data.dtos.moonraker.printer_objects.GCodeMove object at 0xffffaf8c2a50>, gcode_response=Run Current: 1.07A Hold Current: 1.07A, gcode_response_hash=702cc063ba7d39938ec4378d3e0f42208a8ad2b3d3e45f5ba60beef4dda1fe41, timelapse_pause=None, filament_sensors=FilamentSensor(name=filament_tangle_sensor, kind=filament_switch_sensor, enabled=True, filament_detected=True)), NewSnap: PrinterSnapshot(timestamp=2026-03-23T14:39:49.436426,klippy_ready=True, print_state=standby, m117=None, m117_hash=, virtual_sdcard=VirtualSDCard (progress: 0.000000, file_position: 0), print_stats=PrintStats (filename: , total_duration: 0.0, print_duration: 0.0, state: standby, message: ), current_file=None, toolhead=<mobileraker.data.dtos.moonraker.printer_objects.Toolhead object at 0xffffaf8c10d0>, gcode_move=<mobileraker.data.dtos.moonraker.printer_objects.GCodeMove object at 0xffffaf8c2a50>, gcode_response=Run Current: 1.07A Hold Current: 1.07A, gcode_response_hash=702cc063ba7d39938ec4378d3e0f42208a8ad2b3d3e45f5ba60beef4dda1fe41, timelapse_pause=None, filament_sensors=FilamentSensor(name=filament_tangle_sensor, kind=filament_switch_sensor, enabled=True, filament_detected=True))
2026-03-23 14:39:49,450 mobileraker.QidiPlus4 INFO - Fetched 1 app Cfgs!
2026-03-23 14:39:49,451 mobileraker.QidiPlus4 INFO - Evaluate for machineID 92e07d36-b96a-4b49-9fcd-43757e7c8599, cfg.version: 2.9.7-ios , cfg.snap: NotificationSnap(progress=0, progress_live_activity=0, progress_progressbar=0, last_progress=1970-01-01 00:00:00, last_progress_live_activity=1970-01-01 00:00:00, last_progress_progressbar=1970-01-01 00:00:00, state=standby, m117=, gcode_response=702cc063ba7d39938ec4378d3e0f42208a8ad2b3d3e45f5ba60beef4dda1fe41, filament_sensors=[]), cfg.settings: NotificationSettings(progress_config=25, state_config=['standby', 'printing', 'paused', 'complete', 'error'], android_progressbar=False, eta_sources=['slicer', 'filament'], snapshot_webcam=None, exclude_filament_sensors=[], inherit_global_settings=True, created=2026-03-23T00:58:06.777211, last_modified=2026-03-23T00:58:06.777211)
2026-03-23 14:39:49,453 mobileraker.QidiPlus4 INFO - 0 notifications generated for machineID: 92e07d36-b96a-4b49-9fcd-43757e7c8599
2026-03-23 14:39:49,455 mobileraker.QidiPlus4 INFO - No snap update necessary for 92e07d36-b96a-4b49-9fcd-43757e7c8599
2026-03-23 14:39:49,456 mobileraker.QidiPlus4 INFO - ---- Completed Evaluations Task! ----
2026-03-23 14:49:54,502 mobileraker.QidiPlus4 INFO - Time-Interval reached. Evaluating!
2026-03-23 14:49:54,503 mobileraker.QidiPlus4 INFO - Snapshot passed threshold. LastSnap: PrinterSnapshot(timestamp=2026-03-23T14:39:49.436426,klippy_ready=True, print_state=standby, m117=None, m117_hash=, virtual_sdcard=VirtualSDCard (progress: 0.000000, file_position: 0), print_stats=PrintStats (filename: , total_duration: 0.0, print_duration: 0.0, state: standby, message: ), current_file=None, toolhead=<mobileraker.data.dtos.moonraker.printer_objects.Toolhead object at 0xffffaf8c10d0>, gcode_move=<mobileraker.data.dtos.moonraker.printer_objects.GCodeMove object at 0xffffaf8c2a50>, gcode_response=Run Current: 1.07A Hold Current: 1.07A, gcode_response_hash=702cc063ba7d39938ec4378d3e0f42208a8ad2b3d3e45f5ba60beef4dda1fe41, timelapse_pause=None, filament_sensors=FilamentSensor(name=filament_tangle_sensor, kind=filament_switch_sensor, enabled=True, filament_detected=True)), NewSnap: PrinterSnapshot(timestamp=2026-03-23T14:49:54.500687,klippy_ready=True, print_state=standby, m117=None, m117_hash=, virtual_sdcard=VirtualSDCard (progress: 0.000000, file_position: 0), print_stats=PrintStats (filename: , total_duration: 0.0, print_duration: 0.0, state: standby, message: ), current_file=None, toolhead=<mobileraker.data.dtos.moonraker.printer_objects.Toolhead object at 0xffffaf6f9390>, gcode_move=<mobileraker.data.dtos.moonraker.printer_objects.GCodeMove object at 0xffffaf8c2a50>, gcode_response=Run Current: 1.07A Hold Current: 1.07A, gcode_response_hash=702cc063ba7d39938ec4378d3e0f42208a8ad2b3d3e45f5ba60beef4dda1fe41, timelapse_pause=None, filament_sensors=FilamentSensor(name=filament_tangle_sensor, kind=filament_switch_sensor, enabled=True, filament_detected=True))
2026-03-23 14:49:54,514 mobileraker.QidiPlus4 INFO - Fetched 1 app Cfgs!
2026-03-23 14:49:54,515 mobileraker.QidiPlus4 INFO - Evaluate for machineID 92e07d36-b96a-4b49-9fcd-43757e7c8599, cfg.version: 2.9.7-ios , cfg.snap: NotificationSnap(progress=0, progress_live_activity=0, progress_progressbar=0, last_progress=1970-01-01 00:00:00, last_progress_live_activity=1970-01-01 00:00:00, last_progress_progressbar=1970-01-01 00:00:00, state=standby, m117=, gcode_response=702cc063ba7d39938ec4378d3e0f42208a8ad2b3d3e45f5ba60beef4dda1fe41, filament_sensors=[]), cfg.settings: NotificationSettings(progress_config=25, state_config=['standby', 'printing', 'paused', 'complete', 'error'], android_progressbar=False, eta_sources=['slicer', 'filament'], snapshot_webcam=None, exclude_filament_sensors=[], inherit_global_settings=True, created=2026-03-23T00:58:06.777211, last_modified=2026-03-23T00:58:06.777211)
2026-03-23 14:49:54,517 mobileraker.QidiPlus4 INFO - 0 notifications generated for machineID: 92e07d36-b96a-4b49-9fcd-43757e7c8599
2026-03-23 14:49:54,519 mobileraker.QidiPlus4 INFO - No snap update necessary for 92e07d36-b96a-4b49-9fcd-43757e7c8599
2026-03-23 14:49:54,520 mobileraker.QidiPlus4 INFO - ---- Completed Evaluations Task! ----
2026-03-23 14:59:59,565 mobileraker.QidiPlus4 INFO - Time-Interval reached. Evaluating!
2026-03-23 14:59:59,566 mobileraker.QidiPlus4 INFO - Snapshot passed threshold. LastSnap: PrinterSnapshot(timestamp=2026-03-23T14:49:54.500687,klippy_ready=True, print_state=standby, m117=None, m117_hash=, virtual_sdcard=VirtualSDCard (progress: 0.000000, file_position: 0), print_stats=PrintStats (filename: , total_duration: 0.0, print_duration: 0.0, state: standby, message: ), current_file=None, toolhead=<mobileraker.data.dtos.moonraker.printer_objects.Toolhead object at 0xffffaf6f9390>, gcode_move=<mobileraker.data.dtos.moonraker.printer_objects.GCodeMove object at 0xffffaf8c2a50>, gcode_response=Run Current: 1.07A Hold Current: 1.07A, gcode_response_hash=702cc063ba7d39938ec4378d3e0f42208a8ad2b3d3e45f5ba60beef4dda1fe41, timelapse_pause=None, filament_sensors=FilamentSensor(name=filament_tangle_sensor, kind=filament_switch_sensor, enabled=True, filament_detected=True)), NewSnap: PrinterSnapshot(timestamp=2026-03-23T14:59:59.564768,klippy_ready=True, print_state=standby, m117=None, m117_hash=, virtual_sdcard=VirtualSDCard (progress: 0.000000, file_position: 0), print_stats=PrintStats (filename: , total_duration: 0.0, print_duration: 0.0, state: standby, message: ), current_file=None, toolhead=<mobileraker.data.dtos.moonraker.printer_objects.Toolhead object at 0xffffaf6fba10>, gcode_move=<mobileraker.data.dtos.moonraker.printer_objects.GCodeMove object at 0xffffaf8c2a50>, gcode_response=Run Current: 1.07A Hold Current: 1.07A, gcode_response_hash=702cc063ba7d39938ec4378d3e0f42208a8ad2b3d3e45f5ba60beef4dda1fe41, timelapse_pause=None, filament_sensors=FilamentSensor(name=filament_tangle_sensor, kind=filament_switch_sensor, enabled=True, filament_detected=True))
2026-03-23 14:59:59,573 mobileraker.QidiPlus4 INFO - Fetched 1 app Cfgs!
2026-03-23 14:59:59,573 mobileraker.QidiPlus4 INFO - Evaluate for machineID 92e07d36-b96a-4b49-9fcd-43757e7c8599, cfg.version: 2.9.7-ios , cfg.snap: NotificationSnap(progress=0, progress_live_activity=0, progress_progressbar=0, last_progress=1970-01-01 00:00:00, last_progress_live_activity=1970-01-01 00:00:00, last_progress_progressbar=1970-01-01 00:00:00, state=standby, m117=, gcode_response=702cc063ba7d39938ec4378d3e0f42208a8ad2b3d3e45f5ba60beef4dda1fe41, filament_sensors=[]), cfg.settings: NotificationSettings(progress_config=25, state_config=['standby', 'printing', 'paused', 'complete', 'error'], android_progressbar=False, eta_sources=['slicer', 'filament'], snapshot_webcam=None, exclude_filament_sensors=[], inherit_global_settings=True, created=2026-03-23T00:58:06.777211, last_modified=2026-03-23T00:58:06.777211)
2026-03-23 14:59:59,575 mobileraker.QidiPlus4 INFO - 0 notifications generated for machineID: 92e07d36-b96a-4b49-9fcd-43757e7c8599
2026-03-23 14:59:59,576 mobileraker.QidiPlus4 INFO - No snap update necessary for 92e07d36-b96a-4b49-9fcd-43757e7c8599
2026-03-23 14:59:59,577 mobileraker.QidiPlus4 INFO - ---- Completed Evaluations Task! ----
2026-03-23 15:10:04,624 mobileraker.QidiPlus4 INFO - Time-Interval reached. Evaluating!
2026-03-23 15:10:04,626 mobileraker.QidiPlus4 INFO - Snapshot passed threshold. LastSnap: PrinterSnapshot(timestamp=2026-03-23T14:59:59.564768,klippy_ready=True, print_state=standby, m117=None, m117_hash=, virtual_sdcard=VirtualSDCard (progress: 0.000000, file_position: 0), print_stats=PrintStats (filename: , total_duration: 0.0, print_duration: 0.0, state: standby, message: ), current_file=None, toolhead=<mobileraker.data.dtos.moonraker.printer_objects.Toolhead object at 0xffffaf6fba10>, gcode_move=<mobileraker.data.dtos.moonraker.printer_objects.GCodeMove object at 0xffffaf8c2a50>, gcode_response=Run Current: 1.07A Hold Current: 1.07A, gcode_response_hash=702cc063ba7d39938ec4378d3e0f42208a8ad2b3d3e45f5ba60beef4dda1fe41, timelapse_pause=None, filament_sensors=FilamentSensor(name=filament_tangle_sensor, kind=filament_switch_sensor, enabled=True, filament_detected=True)), NewSnap: PrinterSnapshot(timestamp=2026-03-23T15:10:04.622721,klippy_ready=True, print_state=standby, m117=None, m117_hash=, virtual_sdcard=VirtualSDCard (progress: 0.000000, file_position: 0), print_stats=PrintStats (filename: , total_duration: 0.0, print_duration: 0.0, state: standby, message: ), current_file=None, toolhead=<mobileraker.data.dtos.moonraker.printer_objects.Toolhead object at 0xffffaf6fb590>, gcode_move=<mobileraker.data.dtos.moonraker.printer_objects.GCodeMove object at 0xffffaf8c2a50>, gcode_response=Run Current: 1.07A Hold Current: 1.07A, gcode_response_hash=702cc063ba7d39938ec4378d3e0f42208a8ad2b3d3e45f5ba60beef4dda1fe41, timelapse_pause=None, filament_sensors=FilamentSensor(name=filament_tangle_sensor, kind=filament_switch_sensor, enabled=True, filament_detected=True))
2026-03-23 15:10:04,639 mobileraker.QidiPlus4 INFO - Fetched 1 app Cfgs!
2026-03-23 15:10:04,641 mobileraker.QidiPlus4 INFO - Evaluate for machineID 92e07d36-b96a-4b49-9fcd-43757e7c8599, cfg.version: 2.9.7-ios , cfg.snap: NotificationSnap(progress=0, progress_live_activity=0, progress_progressbar=0, last_progress=1970-01-01 00:00:00, last_progress_live_activity=1970-01-01 00:00:00, last_progress_progressbar=1970-01-01 00:00:00, state=standby, m117=, gcode_response=702cc063ba7d39938ec4378d3e0f42208a8ad2b3d3e45f5ba60beef4dda1fe41, filament_sensors=[]), cfg.settings: NotificationSettings(progress_config=25, state_config=['standby', 'printing', 'paused', 'complete', 'error'], android_progressbar=False, eta_sources=['slicer', 'filament'], snapshot_webcam=None, exclude_filament_sensors=[], inherit_global_settings=True, created=2026-03-23T00:58:06.777211, last_modified=2026-03-23T00:58:06.777211)
2026-03-23 15:10:04,644 mobileraker.QidiPlus4 INFO - 0 notifications generated for machineID: 92e07d36-b96a-4b49-9fcd-43757e7c8599
2026-03-23 15:10:04,645 mobileraker.QidiPlus4 INFO - No snap update necessary for 92e07d36-b96a-4b49-9fcd-43757e7c8599
2026-03-23 15:10:04,647 mobileraker.QidiPlus4 INFO - ---- Completed Evaluations Task! ----
2026-03-23 15:20:09,681 mobileraker.QidiPlus4 INFO - Time-Interval reached. Evaluating!
2026-03-23 15:20:09,683 mobileraker.QidiPlus4 INFO - Snapshot passed threshold. LastSnap: PrinterSnapshot(timestamp=2026-03-23T15:10:04.622721,klippy_ready=True, print_state=standby, m117=None, m117_hash=, virtual_sdcard=VirtualSDCard (progress: 0.000000, file_position: 0), print_stats=PrintStats (filename: , total_duration: 0.0, print_duration: 0.0, state: standby, message: ), current_file=None, toolhead=<mobileraker.data.dtos.moonraker.printer_objects.Toolhead object at 0xffffaf6fb590>, gcode_move=<mobileraker.data.dtos.moonraker.printer_objects.GCodeMove object at 0xffffaf8c2a50>, gcode_response=Run Current: 1.07A Hold Current: 1.07A, gcode_response_hash=702cc063ba7d39938ec4378d3e0f42208a8ad2b3d3e45f5ba60beef4dda1fe41, timelapse_pause=None, filament_sensors=FilamentSensor(name=filament_tangle_sensor, kind=filament_switch_sensor, enabled=True, filament_detected=True)), NewSnap: PrinterSnapshot(timestamp=2026-03-23T15:20:09.679751,klippy_ready=True, print_state=standby, m117=None, m117_hash=, virtual_sdcard=VirtualSDCard (progress: 0.000000, file_position: 0), print_stats=PrintStats (filename: , total_duration: 0.0, print_duration: 0.0, state: standby, message: ), current_file=None, toolhead=<mobileraker.data.dtos.moonraker.printer_objects.Toolhead object at 0xffffaf6f8f90>, gcode_move=<mobileraker.data.dtos.moonraker.printer_objects.GCodeMove object at 0xffffaf8c2a50>, gcode_response=Run Current: 1.07A Hold Current: 1.07A, gcode_response_hash=702cc063ba7d39938ec4378d3e0f42208a8ad2b3d3e45f5ba60beef4dda1fe41, timelapse_pause=None, filament_sensors=FilamentSensor(name=filament_tangle_sensor, kind=filament_switch_sensor, enabled=True, filament_detected=True))
2026-03-23 15:20:09,758 mobileraker.QidiPlus4 INFO - Fetched 1 app Cfgs!
2026-03-23 15:20:09,760 mobileraker.QidiPlus4 INFO - Evaluate for machineID 92e07d36-b96a-4b49-9fcd-43757e7c8599, cfg.version: 2.9.7-ios , cfg.snap: NotificationSnap(progress=0, progress_live_activity=0, progress_progressbar=0, last_progress=1970-01-01 00:00:00, last_progress_live_activity=1970-01-01 00:00:00, last_progress_progressbar=1970-01-01 00:00:00, state=standby, m117=, gcode_response=702cc063ba7d39938ec4378d3e0f42208a8ad2b3d3e45f5ba60beef4dda1fe41, filament_sensors=[]), cfg.settings: NotificationSettings(progress_config=25, state_config=['standby', 'printing', 'paused', 'complete', 'error'], android_progressbar=False, eta_sources=['slicer', 'filament'], snapshot_webcam=None, exclude_filament_sensors=[], inherit_global_settings=True, created=2026-03-23T00:58:06.777211, last_modified=2026-03-23T00:58:06.777211)
2026-03-23 15:20:09,762 mobileraker.QidiPlus4 INFO - 0 notifications generated for machineID: 92e07d36-b96a-4b49-9fcd-43757e7c8599
2026-03-23 15:20:09,762 mobileraker.QidiPlus4 INFO - No snap update necessary for 92e07d36-b96a-4b49-9fcd-43757e7c8599
2026-03-23 15:20:09,763 mobileraker.QidiPlus4 INFO - ---- Completed Evaluations Task! ----
2026-03-23 15:30:14,741 mobileraker.QidiPlus4 INFO - Time-Interval reached. Evaluating!
2026-03-23 15:30:14,743 mobileraker.QidiPlus4 INFO - Snapshot passed threshold. LastSnap: PrinterSnapshot(timestamp=2026-03-23T15:20:09.679751,klippy_ready=True, print_state=standby, m117=None, m117_hash=, virtual_sdcard=VirtualSDCard (progress: 0.000000, file_position: 0), print_stats=PrintStats (filename: , total_duration: 0.0, print_duration: 0.0, state: standby, message: ), current_file=None, toolhead=<mobileraker.data.dtos.moonraker.printer_objects.Toolhead object at 0xffffaf6f8f90>, gcode_move=<mobileraker.data.dtos.moonraker.printer_objects.GCodeMove object at 0xffffaf8c2a50>, gcode_response=Run Current: 1.07A Hold Current: 1.07A, gcode_response_hash=702cc063ba7d39938ec4378d3e0f42208a8ad2b3d3e45f5ba60beef4dda1fe41, timelapse_pause=None, filament_sensors=FilamentSensor(name=filament_tangle_sensor, kind=filament_switch_sensor, enabled=True, filament_detected=True)), NewSnap: PrinterSnapshot(timestamp=2026-03-23T15:30:14.740049,klippy_ready=True, print_state=standby, m117=None, m117_hash=, virtual_sdcard=VirtualSDCard (progress: 0.000000, file_position: 0), print_stats=PrintStats (filename: , total_duration: 0.0, print_duration: 0.0, state: standby, message: ), current_file=None, toolhead=<mobileraker.data.dtos.moonraker.printer_objects.Toolhead object at 0xffffaf6fbfd0>, gcode_move=<mobileraker.data.dtos.moonraker.printer_objects.GCodeMove object at 0xffffaf8c2a50>, gcode_response=Run Current: 1.07A Hold Current: 1.07A, gcode_response_hash=702cc063ba7d39938ec4378d3e0f42208a8ad2b3d3e45f5ba60beef4dda1fe41, timelapse_pause=None, filament_sensors=FilamentSensor(name=filament_tangle_sensor, kind=filament_switch_sensor, enabled=True, filament_detected=True))
2026-03-23 15:30:14,757 mobileraker.QidiPlus4 INFO - Fetched 1 app Cfgs!
2026-03-23 15:30:14,759 mobileraker.QidiPlus4 INFO - Evaluate for machineID 92e07d36-b96a-4b49-9fcd-43757e7c8599, cfg.version: 2.9.7-ios , cfg.snap: NotificationSnap(progress=0, progress_live_activity=0, progress_progressbar=0, last_progress=1970-01-01 00:00:00, last_progress_live_activity=1970-01-01 00:00:00, last_progress_progressbar=1970-01-01 00:00:00, state=standby, m117=, gcode_response=702cc063ba7d39938ec4378d3e0f42208a8ad2b3d3e45f5ba60beef4dda1fe41, filament_sensors=[]), cfg.settings: NotificationSettings(progress_config=25, state_config=['standby', 'printing', 'paused', 'complete', 'error'], android_progressbar=False, eta_sources=['slicer', 'filament'], snapshot_webcam=None, exclude_filament_sensors=[], inherit_global_settings=True, created=2026-03-23T00:58:06.777211, last_modified=2026-03-23T00:58:06.777211)
2026-03-23 15:30:14,762 mobileraker.QidiPlus4 INFO - 0 notifications generated for machineID: 92e07d36-b96a-4b49-9fcd-43757e7c8599
2026-03-23 15:30:14,763 mobileraker.QidiPlus4 INFO - No snap update necessary for 92e07d36-b96a-4b49-9fcd-43757e7c8599
2026-03-23 15:30:14,765 mobileraker.QidiPlus4 INFO - ---- Completed Evaluations Task! ----
2026-03-23 15:32:20,273 mobileraker.QidiPlus4.jrpc INFO - websocket closed ?????...
2026-03-23 15:32:20,274 mobileraker.QidiPlus4.jrpc INFO - Notifying listeners about connection state False
2026-03-23 15:32:20,275 mobileraker.QidiPlus4.sync INFO - Connection state changed to <is_connected: False>
2026-03-23 15:32:20,279 websockets.client INFO - ! connect failed; reconnecting in 1.2 seconds
Traceback (most recent call last):
  File "/home/mks/mobileraker-env/lib/python3.11/site-packages/websockets/legacy/client.py", line 598, in __aiter__
    async with self as protocol:
  File "/home/mks/mobileraker-env/lib/python3.11/site-packages/websockets/legacy/client.py", line 633, in __aenter__
    return await self
           ^^^^^^^^^^
  File "/home/mks/mobileraker-env/lib/python3.11/site-packages/websockets/legacy/client.py", line 650, in __await_impl_timeout__
    return await asyncio.wait_for(self.__await_impl__(), self.open_timeout)
           ^^^^^^^^^^^^^^^^^^^^^^^^^^^^^^^^^^^^^^^^^^^^^^^^^^^^^^^^^^^^^^^^
  File "/usr/lib/python3.11/asyncio/tasks.py", line 479, in wait_for
    return fut.result()
           ^^^^^^^^^^^^
  File "/home/mks/mobileraker-env/lib/python3.11/site-packages/websockets/legacy/client.py", line 654, in __await_impl__
    transport, protocol = await self._create_connection()
                          ^^^^^^^^^^^^^^^^^^^^^^^^^^^^^^^
  File "/usr/lib/python3.11/asyncio/base_events.py", line 1085, in create_connection
    raise exceptions[0]
  File "/usr/lib/python3.11/asyncio/base_events.py", line 1069, in create_connection
    sock = await self._connect_sock(
           ^^^^^^^^^^^^^^^^^^^^^^^^^
  File "/usr/lib/python3.11/asyncio/base_events.py", line 973, in _connect_sock
    await self.sock_connect(sock, address)
  File "/usr/lib/python3.11/asyncio/selector_events.py", line 634, in sock_connect
    return await fut
           ^^^^^^^^^
  File "/usr/lib/python3.11/asyncio/selector_events.py", line 674, in _sock_connect_cb
    raise OSError(err, f'Connect call failed {address}')
ConnectionRefusedError: [Errno 111] Connect call failed ('127.0.0.1', 7125)
2026-03-23 15:32:21,452 websockets.client INFO - ! connect failed again; retrying in 3 seconds
Traceback (most recent call last):
  File "/home/mks/mobileraker-env/lib/python3.11/site-packages/websockets/legacy/client.py", line 598, in __aiter__
    async with self as protocol:
  File "/home/mks/mobileraker-env/lib/python3.11/site-packages/websockets/legacy/client.py", line 633, in __aenter__
    return await self
           ^^^^^^^^^^
  File "/home/mks/mobileraker-env/lib/python3.11/site-packages/websockets/legacy/client.py", line 650, in __await_impl_timeout__
    return await asyncio.wait_for(self.__await_impl__(), self.open_timeout)
           ^^^^^^^^^^^^^^^^^^^^^^^^^^^^^^^^^^^^^^^^^^^^^^^^^^^^^^^^^^^^^^^^
  File "/usr/lib/python3.11/asyncio/tasks.py", line 479, in wait_for
    return fut.result()
           ^^^^^^^^^^^^
  File "/home/mks/mobileraker-env/lib/python3.11/site-packages/websockets/legacy/client.py", line 654, in __await_impl__
    transport, protocol = await self._create_connection()
                          ^^^^^^^^^^^^^^^^^^^^^^^^^^^^^^^
  File "/usr/lib/python3.11/asyncio/base_events.py", line 1085, in create_connection
    raise exceptions[0]
  File "/usr/lib/python3.11/asyncio/base_events.py", line 1069, in create_connection
    sock = await self._connect_sock(
           ^^^^^^^^^^^^^^^^^^^^^^^^^
  File "/usr/lib/python3.11/asyncio/base_events.py", line 973, in _connect_sock
    await self.sock_connect(sock, address)
  File "/usr/lib/python3.11/asyncio/selector_events.py", line 634, in sock_connect
    return await fut
           ^^^^^^^^^
  File "/usr/lib/python3.11/asyncio/selector_events.py", line 674, in _sock_connect_cb
    raise OSError(err, f'Connect call failed {address}')
ConnectionRefusedError: [Errno 111] Connect call failed ('127.0.0.1', 7125)
2026-03-23 15:32:24,464 websockets.client INFO - ! connect failed again; retrying in 5 seconds
Traceback (most recent call last):
  File "/home/mks/mobileraker-env/lib/python3.11/site-packages/websockets/legacy/client.py", line 598, in __aiter__
    async with self as protocol:
  File "/home/mks/mobileraker-env/lib/python3.11/site-packages/websockets/legacy/client.py", line 633, in __aenter__
    return await self
           ^^^^^^^^^^
  File "/home/mks/mobileraker-env/lib/python3.11/site-packages/websockets/legacy/client.py", line 650, in __await_impl_timeout__
    return await asyncio.wait_for(self.__await_impl__(), self.open_timeout)
           ^^^^^^^^^^^^^^^^^^^^^^^^^^^^^^^^^^^^^^^^^^^^^^^^^^^^^^^^^^^^^^^^
  File "/usr/lib/python3.11/asyncio/tasks.py", line 479, in wait_for
    return fut.result()
           ^^^^^^^^^^^^
  File "/home/mks/mobileraker-env/lib/python3.11/site-packages/websockets/legacy/client.py", line 654, in __await_impl__
    transport, protocol = await self._create_connection()
                          ^^^^^^^^^^^^^^^^^^^^^^^^^^^^^^^
  File "/usr/lib/python3.11/asyncio/base_events.py", line 1085, in create_connection
    raise exceptions[0]
  File "/usr/lib/python3.11/asyncio/base_events.py", line 1069, in create_connection
    sock = await self._connect_sock(
           ^^^^^^^^^^^^^^^^^^^^^^^^^
  File "/usr/lib/python3.11/asyncio/base_events.py", line 973, in _connect_sock
    await self.sock_connect(sock, address)
  File "/usr/lib/python3.11/asyncio/selector_events.py", line 634, in sock_connect
    return await fut
           ^^^^^^^^^
  File "/usr/lib/python3.11/asyncio/selector_events.py", line 674, in _sock_connect_cb
    raise OSError(err, f'Connect call failed {address}')
ConnectionRefusedError: [Errno 111] Connect call failed ('127.0.0.1', 7125)
2026-03-23 15:32:29,483 mobileraker.QidiPlus4.jrpc INFO - WebSocket connected
2026-03-23 15:32:29,484 mobileraker.QidiPlus4.jrpc INFO - Notifying listeners about connection state True
2026-03-23 15:32:29,484 mobileraker.QidiPlus4.sync INFO - Connection state changed to <is_connected: True>
2026-03-23 15:32:29,486 mobileraker.QidiPlus4.sync INFO - Doing a (Re)Sync with moonraker
2026-03-23 15:32:29,487 mobileraker.QidiPlus4.sync INFO - Syncing klippy Objects
2026-03-23 15:32:29,506 mobileraker.QidiPlus4.sync INFO - Received server info: {'jsonrpc': '2.0', 'result': {'klippy_connected': True, 'klippy_state': 'ready', 'components': ['secrets', 'template', 'klippy_connection', 'jsonrpc', 'internal_transport', 'application', 'websockets', 'database', 'dbus_manager', 'file_manager', 'authorization', 'klippy_apis', 'shell_command', 'machine', 'data_store', 'proc_stats', 'job_state', 'job_queue', 'history', 'http_client', 'announcements', 'webcam', 'extensions', 'spoolman', 'update_manager', 'octoprint_compat'], 'failed_components': [], 'registered_directories': ['config', 'logs', 'gcodes', 'config_examples', 'docs'], 'warnings': [], 'websocket_count': 2, 'moonraker_version': 'v0.10.0-0-g16e530e', 'missing_klippy_requirements': [], 'api_version': [1, 5, 0], 'api_version_string': '1.5.0'}, 'id': 1102}
2026-03-23 15:32:29,508 mobileraker.QidiPlus4.sync INFO - Syncing printer Objects
2026-03-23 15:32:29,511 mobileraker.QidiPlus4 INFO - Updated companion meta data in moonraker database
2026-03-23 15:32:29,515 mobileraker.QidiPlus4.sync INFO - Subscribing to printer Objects: dict_keys(['gcode_move', 'print_stats', 'virtual_sdcard', 'display_status', 'filament_switch_sensor filament_tangle_sensor', 'toolhead'])
2026-03-23 15:32:29,707 mobileraker.QidiPlus4.sync INFO - Subscribing to printer Objects
2026-03-23 15:32:29,709 mobileraker.QidiPlus4.sync INFO - Subscribed to printer Objects
2026-03-23 15:32:29,710 mobileraker.QidiPlus4.sync INFO - (Re)Sync completed
2026-03-23 15:33:42,570 mobileraker.QidiPlus4.jrpc INFO - websocket closed ?????...
2026-03-23 15:33:42,571 mobileraker.QidiPlus4.jrpc INFO - Notifying listeners about connection state False
2026-03-23 15:33:42,572 mobileraker.QidiPlus4.sync INFO - Connection state changed to <is_connected: False>
2026-03-23 15:33:42,576 websockets.client INFO - ! connect failed; reconnecting in 0.4 seconds
Traceback (most recent call last):
  File "/home/mks/mobileraker-env/lib/python3.11/site-packages/websockets/legacy/client.py", line 598, in __aiter__
    async with self as protocol:
  File "/home/mks/mobileraker-env/lib/python3.11/site-packages/websockets/legacy/client.py", line 633, in __aenter__
    return await self
           ^^^^^^^^^^
  File "/home/mks/mobileraker-env/lib/python3.11/site-packages/websockets/legacy/client.py", line 650, in __await_impl_timeout__
    return await asyncio.wait_for(self.__await_impl__(), self.open_timeout)
           ^^^^^^^^^^^^^^^^^^^^^^^^^^^^^^^^^^^^^^^^^^^^^^^^^^^^^^^^^^^^^^^^
  File "/usr/lib/python3.11/asyncio/tasks.py", line 479, in wait_for
    return fut.result()
           ^^^^^^^^^^^^
  File "/home/mks/mobileraker-env/lib/python3.11/site-packages/websockets/legacy/client.py", line 654, in __await_impl__
    transport, protocol = await self._create_connection()
                          ^^^^^^^^^^^^^^^^^^^^^^^^^^^^^^^
  File "/usr/lib/python3.11/asyncio/base_events.py", line 1085, in create_connection
    raise exceptions[0]
  File "/usr/lib/python3.11/asyncio/base_events.py", line 1069, in create_connection
    sock = await self._connect_sock(
           ^^^^^^^^^^^^^^^^^^^^^^^^^
  File "/usr/lib/python3.11/asyncio/base_events.py", line 973, in _connect_sock
    await self.sock_connect(sock, address)
  File "/usr/lib/python3.11/asyncio/selector_events.py", line 634, in sock_connect
    return await fut
           ^^^^^^^^^
  File "/usr/lib/python3.11/asyncio/selector_events.py", line 674, in _sock_connect_cb
    raise OSError(err, f'Connect call failed {address}')
ConnectionRefusedError: [Errno 111] Connect call failed ('127.0.0.1', 7125)
2026-03-23 15:33:43,029 websockets.client INFO - ! connect failed again; retrying in 3 seconds
Traceback (most recent call last):
  File "/home/mks/mobileraker-env/lib/python3.11/site-packages/websockets/legacy/client.py", line 598, in __aiter__
    async with self as protocol:
  File "/home/mks/mobileraker-env/lib/python3.11/site-packages/websockets/legacy/client.py", line 633, in __aenter__
    return await self
           ^^^^^^^^^^
  File "/home/mks/mobileraker-env/lib/python3.11/site-packages/websockets/legacy/client.py", line 650, in __await_impl_timeout__
    return await asyncio.wait_for(self.__await_impl__(), self.open_timeout)
           ^^^^^^^^^^^^^^^^^^^^^^^^^^^^^^^^^^^^^^^^^^^^^^^^^^^^^^^^^^^^^^^^
  File "/usr/lib/python3.11/asyncio/tasks.py", line 479, in wait_for
    return fut.result()
           ^^^^^^^^^^^^
  File "/home/mks/mobileraker-env/lib/python3.11/site-packages/websockets/legacy/client.py", line 654, in __await_impl__
    transport, protocol = await self._create_connection()
                          ^^^^^^^^^^^^^^^^^^^^^^^^^^^^^^^
  File "/usr/lib/python3.11/asyncio/base_events.py", line 1085, in create_connection
    raise exceptions[0]
  File "/usr/lib/python3.11/asyncio/base_events.py", line 1069, in create_connection
    sock = await self._connect_sock(
           ^^^^^^^^^^^^^^^^^^^^^^^^^
  File "/usr/lib/python3.11/asyncio/base_events.py", line 973, in _connect_sock
    await self.sock_connect(sock, address)
  File "/usr/lib/python3.11/asyncio/selector_events.py", line 634, in sock_connect
    return await fut
           ^^^^^^^^^
  File "/usr/lib/python3.11/asyncio/selector_events.py", line 674, in _sock_connect_cb
    raise OSError(err, f'Connect call failed {address}')
ConnectionRefusedError: [Errno 111] Connect call failed ('127.0.0.1', 7125)
2026-03-23 15:33:46,040 websockets.client INFO - ! connect failed again; retrying in 5 seconds
Traceback (most recent call last):
  File "/home/mks/mobileraker-env/lib/python3.11/site-packages/websockets/legacy/client.py", line 598, in __aiter__
    async with self as protocol:
  File "/home/mks/mobileraker-env/lib/python3.11/site-packages/websockets/legacy/client.py", line 633, in __aenter__
    return await self
           ^^^^^^^^^^
  File "/home/mks/mobileraker-env/lib/python3.11/site-packages/websockets/legacy/client.py", line 650, in __await_impl_timeout__
    return await asyncio.wait_for(self.__await_impl__(), self.open_timeout)
           ^^^^^^^^^^^^^^^^^^^^^^^^^^^^^^^^^^^^^^^^^^^^^^^^^^^^^^^^^^^^^^^^
  File "/usr/lib/python3.11/asyncio/tasks.py", line 479, in wait_for
    return fut.result()
           ^^^^^^^^^^^^
  File "/home/mks/mobileraker-env/lib/python3.11/site-packages/websockets/legacy/client.py", line 654, in __await_impl__
    transport, protocol = await self._create_connection()
                          ^^^^^^^^^^^^^^^^^^^^^^^^^^^^^^^
  File "/usr/lib/python3.11/asyncio/base_events.py", line 1085, in create_connection
    raise exceptions[0]
  File "/usr/lib/python3.11/asyncio/base_events.py", line 1069, in create_connection
    sock = await self._connect_sock(
           ^^^^^^^^^^^^^^^^^^^^^^^^^
  File "/usr/lib/python3.11/asyncio/base_events.py", line 973, in _connect_sock
    await self.sock_connect(sock, address)
  File "/usr/lib/python3.11/asyncio/selector_events.py", line 634, in sock_connect
    return await fut
           ^^^^^^^^^
  File "/usr/lib/python3.11/asyncio/selector_events.py", line 674, in _sock_connect_cb
    raise OSError(err, f'Connect call failed {address}')
ConnectionRefusedError: [Errno 111] Connect call failed ('127.0.0.1', 7125)
2026-03-23 15:33:51,058 mobileraker.QidiPlus4.jrpc INFO - WebSocket connected
2026-03-23 15:33:51,059 mobileraker.QidiPlus4.jrpc INFO - Notifying listeners about connection state True
2026-03-23 15:33:51,060 mobileraker.QidiPlus4.sync INFO - Connection state changed to <is_connected: True>
2026-03-23 15:33:51,062 mobileraker.QidiPlus4.sync INFO - Doing a (Re)Sync with moonraker
2026-03-23 15:33:51,063 mobileraker.QidiPlus4.sync INFO - Syncing klippy Objects
2026-03-23 15:33:51,082 mobileraker.QidiPlus4.sync INFO - Received server info: {'jsonrpc': '2.0', 'result': {'klippy_connected': True, 'klippy_state': 'ready', 'components': ['secrets', 'template', 'klippy_connection', 'jsonrpc', 'internal_transport', 'application', 'websockets', 'database', 'dbus_manager', 'file_manager', 'authorization', 'klippy_apis', 'shell_command', 'machine', 'data_store', 'proc_stats', 'job_state', 'job_queue', 'history', 'http_client', 'announcements', 'webcam', 'extensions', 'octoprint_compat', 'update_manager', 'spoolman'], 'failed_components': [], 'registered_directories': ['config', 'logs', 'gcodes', 'config_examples', 'docs'], 'warnings': [], 'websocket_count': 2, 'moonraker_version': 'v0.10.0-0-g16e530e', 'missing_klippy_requirements': [], 'api_version': [1, 5, 0], 'api_version_string': '1.5.0'}, 'id': 8908}
2026-03-23 15:33:51,083 mobileraker.QidiPlus4.sync INFO - Syncing printer Objects
2026-03-23 15:33:51,086 mobileraker.QidiPlus4 INFO - Updated companion meta data in moonraker database
2026-03-23 15:33:51,091 mobileraker.QidiPlus4.sync INFO - Subscribing to printer Objects: dict_keys(['gcode_move', 'print_stats', 'virtual_sdcard', 'display_status', 'filament_switch_sensor filament_tangle_sensor', 'toolhead'])
2026-03-23 15:33:51,144 mobileraker.QidiPlus4.sync INFO - Subscribing to printer Objects
2026-03-23 15:33:51,146 mobileraker.QidiPlus4.sync INFO - Subscribed to printer Objects
2026-03-23 15:33:51,147 mobileraker.QidiPlus4.sync INFO - (Re)Sync completed
2026-03-23 15:38:13,000 mobileraker.QidiPlus4.jrpc INFO - websocket closed ?????...
2026-03-23 15:38:13,001 mobileraker.QidiPlus4.jrpc INFO - Notifying listeners about connection state False
2026-03-23 15:38:13,002 mobileraker.QidiPlus4.sync INFO - Connection state changed to <is_connected: False>
2026-03-23 15:38:13,007 websockets.client INFO - ! connect failed; reconnecting in 1.7 seconds
Traceback (most recent call last):
  File "/home/mks/mobileraker-env/lib/python3.11/site-packages/websockets/legacy/client.py", line 598, in __aiter__
    async with self as protocol:
  File "/home/mks/mobileraker-env/lib/python3.11/site-packages/websockets/legacy/client.py", line 633, in __aenter__
    return await self
           ^^^^^^^^^^
  File "/home/mks/mobileraker-env/lib/python3.11/site-packages/websockets/legacy/client.py", line 650, in __await_impl_timeout__
    return await asyncio.wait_for(self.__await_impl__(), self.open_timeout)
           ^^^^^^^^^^^^^^^^^^^^^^^^^^^^^^^^^^^^^^^^^^^^^^^^^^^^^^^^^^^^^^^^
  File "/usr/lib/python3.11/asyncio/tasks.py", line 479, in wait_for
    return fut.result()
           ^^^^^^^^^^^^
  File "/home/mks/mobileraker-env/lib/python3.11/site-packages/websockets/legacy/client.py", line 654, in __await_impl__
    transport, protocol = await self._create_connection()
                          ^^^^^^^^^^^^^^^^^^^^^^^^^^^^^^^
  File "/usr/lib/python3.11/asyncio/base_events.py", line 1085, in create_connection
    raise exceptions[0]
  File "/usr/lib/python3.11/asyncio/base_events.py", line 1069, in create_connection
    sock = await self._connect_sock(
           ^^^^^^^^^^^^^^^^^^^^^^^^^
  File "/usr/lib/python3.11/asyncio/base_events.py", line 973, in _connect_sock
    await self.sock_connect(sock, address)
  File "/usr/lib/python3.11/asyncio/selector_events.py", line 634, in sock_connect
    return await fut
           ^^^^^^^^^
  File "/usr/lib/python3.11/asyncio/selector_events.py", line 674, in _sock_connect_cb
    raise OSError(err, f'Connect call failed {address}')
ConnectionRefusedError: [Errno 111] Connect call failed ('127.0.0.1', 7125)
2026-03-23 15:38:14,745 websockets.client INFO - ! connect failed again; retrying in 3 seconds
Traceback (most recent call last):
  File "/home/mks/mobileraker-env/lib/python3.11/site-packages/websockets/legacy/client.py", line 598, in __aiter__
    async with self as protocol:
  File "/home/mks/mobileraker-env/lib/python3.11/site-packages/websockets/legacy/client.py", line 633, in __aenter__
    return await self
           ^^^^^^^^^^
  File "/home/mks/mobileraker-env/lib/python3.11/site-packages/websockets/legacy/client.py", line 650, in __await_impl_timeout__
    return await asyncio.wait_for(self.__await_impl__(), self.open_timeout)
           ^^^^^^^^^^^^^^^^^^^^^^^^^^^^^^^^^^^^^^^^^^^^^^^^^^^^^^^^^^^^^^^^
  File "/usr/lib/python3.11/asyncio/tasks.py", line 479, in wait_for
    return fut.result()
           ^^^^^^^^^^^^
  File "/home/mks/mobileraker-env/lib/python3.11/site-packages/websockets/legacy/client.py", line 654, in __await_impl__
    transport, protocol = await self._create_connection()
                          ^^^^^^^^^^^^^^^^^^^^^^^^^^^^^^^
  File "/usr/lib/python3.11/asyncio/base_events.py", line 1085, in create_connection
    raise exceptions[0]
  File "/usr/lib/python3.11/asyncio/base_events.py", line 1069, in create_connection
    sock = await self._connect_sock(
           ^^^^^^^^^^^^^^^^^^^^^^^^^
  File "/usr/lib/python3.11/asyncio/base_events.py", line 973, in _connect_sock
    await self.sock_connect(sock, address)
  File "/usr/lib/python3.11/asyncio/selector_events.py", line 634, in sock_connect
    return await fut
           ^^^^^^^^^
  File "/usr/lib/python3.11/asyncio/selector_events.py", line 674, in _sock_connect_cb
    raise OSError(err, f'Connect call failed {address}')
ConnectionRefusedError: [Errno 111] Connect call failed ('127.0.0.1', 7125)
2026-03-23 15:38:17,762 mobileraker.QidiPlus4.jrpc INFO - WebSocket connected
2026-03-23 15:38:17,764 mobileraker.QidiPlus4.jrpc INFO - Notifying listeners about connection state True
2026-03-23 15:38:17,764 mobileraker.QidiPlus4.sync INFO - Connection state changed to <is_connected: True>
2026-03-23 15:38:17,766 mobileraker.QidiPlus4.sync INFO - Doing a (Re)Sync with moonraker
2026-03-23 15:38:17,767 mobileraker.QidiPlus4.sync INFO - Syncing klippy Objects
2026-03-23 15:38:17,786 mobileraker.QidiPlus4.sync INFO - Received server info: {'jsonrpc': '2.0', 'result': {'klippy_connected': False, 'klippy_state': 'disconnected', 'components': ['secrets', 'template', 'klippy_connection', 'jsonrpc', 'internal_transport', 'application', 'websockets', 'database', 'dbus_manager', 'file_manager', 'authorization', 'klippy_apis', 'shell_command', 'machine', 'data_store', 'proc_stats', 'job_state', 'job_queue', 'history', 'http_client', 'announcements', 'webcam', 'extensions', 'octoprint_compat', 'spoolman', 'update_manager'], 'failed_components': [], 'registered_directories': ['config', 'logs', 'gcodes'], 'warnings': [], 'websocket_count': 1, 'moonraker_version': 'v0.10.0-0-g16e530e', 'missing_klippy_requirements': [], 'api_version': [1, 5, 0], 'api_version_string': '1.5.0'}, 'id': 9201}
2026-03-23 15:38:17,788 mobileraker.QidiPlus4.sync WARNING - Klippy was not ready. Trying resync again in 2 seconds...
2026-03-23 15:38:17,790 mobileraker.QidiPlus4 INFO - Updated companion meta data in moonraker database
2026-03-23 15:38:18,677 mobileraker.QidiPlus4.sync INFO - Klippy has reported a ready state
2026-03-23 15:38:18,678 mobileraker.QidiPlus4.sync INFO - Doing a (Re)Sync with moonraker
2026-03-23 15:38:18,679 mobileraker.QidiPlus4.sync INFO - Syncing klippy Objects
2026-03-23 15:38:18,683 mobileraker.QidiPlus4.sync INFO - Received server info: {'jsonrpc': '2.0', 'result': {'klippy_connected': True, 'klippy_state': 'ready', 'components': ['secrets', 'template', 'klippy_connection', 'jsonrpc', 'internal_transport', 'application', 'websockets', 'database', 'dbus_manager', 'file_manager', 'authorization', 'klippy_apis', 'shell_command', 'machine', 'data_store', 'proc_stats', 'job_state', 'job_queue', 'history', 'http_client', 'announcements', 'webcam', 'extensions', 'octoprint_compat', 'spoolman', 'update_manager'], 'failed_components': [], 'registered_directories': ['config', 'logs', 'gcodes', 'config_examples', 'docs'], 'warnings': [], 'websocket_count': 1, 'moonraker_version': 'v0.10.0-0-g16e530e', 'missing_klippy_requirements': [], 'api_version': [1, 5, 0], 'api_version_string': '1.5.0'}, 'id': 8252}
2026-03-23 15:38:18,685 mobileraker.QidiPlus4.sync INFO - Syncing printer Objects
2026-03-23 15:38:18,692 mobileraker.QidiPlus4.sync INFO - Subscribing to printer Objects: dict_keys(['gcode_move', 'print_stats', 'virtual_sdcard', 'display_status', 'filament_switch_sensor filament_tangle_sensor', 'toolhead'])
2026-03-23 15:38:18,915 mobileraker.QidiPlus4.sync INFO - Subscribing to printer Objects
2026-03-23 15:38:18,917 mobileraker.QidiPlus4.sync INFO - Subscribed to printer Objects
2026-03-23 15:38:18,918 mobileraker.QidiPlus4.sync INFO - (Re)Sync completed
2026-03-23 15:38:19,791 mobileraker.QidiPlus4.sync INFO - Syncing klippy Objects
2026-03-23 15:38:19,799 mobileraker.QidiPlus4.sync INFO - Received server info: {'jsonrpc': '2.0', 'result': {'klippy_connected': True, 'klippy_state': 'ready', 'components': ['secrets', 'template', 'klippy_connection', 'jsonrpc', 'internal_transport', 'application', 'websockets', 'database', 'dbus_manager', 'file_manager', 'authorization', 'klippy_apis', 'shell_command', 'machine', 'data_store', 'proc_stats', 'job_state', 'job_queue', 'history', 'http_client', 'announcements', 'webcam', 'extensions', 'octoprint_compat', 'spoolman', 'update_manager'], 'failed_components': [], 'registered_directories': ['config', 'logs', 'gcodes', 'config_examples', 'docs'], 'warnings': [], 'websocket_count': 1, 'moonraker_version': 'v0.10.0-0-g16e530e', 'missing_klippy_requirements': [], 'api_version': [1, 5, 0], 'api_version_string': '1.5.0'}, 'id': 6964}
2026-03-23 15:38:19,802 mobileraker.QidiPlus4.sync INFO - Syncing printer Objects
2026-03-23 15:38:19,816 mobileraker.QidiPlus4.sync INFO - Subscribing to printer Objects: dict_keys(['gcode_move', 'print_stats', 'virtual_sdcard', 'display_status', 'filament_switch_sensor filament_tangle_sensor', 'toolhead'])
2026-03-23 15:38:19,923 mobileraker.QidiPlus4.sync WARNING - Not subscribing to updates because either klippy was not ready or session already subed. klippy_ready: True, _queried_for_session: True
2026-03-23 15:38:19,924 mobileraker.QidiPlus4.sync INFO - (Re)Sync completed
2026-03-23 15:40:19,791 mobileraker.QidiPlus4 INFO - Time-Interval reached. Evaluating!
2026-03-23 15:40:19,793 mobileraker.QidiPlus4 INFO - Snapshot passed threshold. LastSnap: PrinterSnapshot(timestamp=2026-03-23T15:30:14.740049,klippy_ready=True, print_state=standby, m117=None, m117_hash=, virtual_sdcard=VirtualSDCard (progress: 0.000000, file_position: 0), print_stats=PrintStats (filename: , total_duration: 0.0, print_duration: 0.0, state: standby, message: ), current_file=None, toolhead=<mobileraker.data.dtos.moonraker.printer_objects.Toolhead object at 0xffffaf6fbfd0>, gcode_move=<mobileraker.data.dtos.moonraker.printer_objects.GCodeMove object at 0xffffaf8c2a50>, gcode_response=Run Current: 1.07A Hold Current: 1.07A, gcode_response_hash=702cc063ba7d39938ec4378d3e0f42208a8ad2b3d3e45f5ba60beef4dda1fe41, timelapse_pause=None, filament_sensors=FilamentSensor(name=filament_tangle_sensor, kind=filament_switch_sensor, enabled=True, filament_detected=True)), NewSnap: PrinterSnapshot(timestamp=2026-03-23T15:40:19.789235,klippy_ready=True, print_state=standby, m117=None, m117_hash=, virtual_sdcard=VirtualSDCard (progress: 0.000000, file_position: 0), print_stats=PrintStats (filename: , total_duration: 0.0, print_duration: 0.0, state: standby, message: ), current_file=None, toolhead=<mobileraker.data.dtos.moonraker.printer_objects.Toolhead object at 0xffffaf745a50>, gcode_move=<mobileraker.data.dtos.moonraker.printer_objects.GCodeMove object at 0xffffaf743310>, gcode_response=None, gcode_response_hash=, timelapse_pause=None, filament_sensors=FilamentSensor(name=filament_tangle_sensor, kind=filament_switch_sensor, enabled=True, filament_detected=True))
2026-03-23 15:40:19,807 mobileraker.QidiPlus4 INFO - Fetched 1 app Cfgs!
2026-03-23 15:40:19,808 mobileraker.QidiPlus4 INFO - Evaluate for machineID 92e07d36-b96a-4b49-9fcd-43757e7c8599, cfg.version: 2.9.7-ios , cfg.snap: NotificationSnap(progress=0, progress_live_activity=0, progress_progressbar=0, last_progress=1970-01-01 00:00:00, last_progress_live_activity=1970-01-01 00:00:00, last_progress_progressbar=1970-01-01 00:00:00, state=standby, m117=, gcode_response=702cc063ba7d39938ec4378d3e0f42208a8ad2b3d3e45f5ba60beef4dda1fe41, filament_sensors=[]), cfg.settings: NotificationSettings(progress_config=25, state_config=['standby', 'printing', 'paused', 'complete', 'error'], android_progressbar=False, eta_sources=['slicer', 'filament'], snapshot_webcam=None, exclude_filament_sensors=[], inherit_global_settings=True, created=2026-03-23T00:58:06.777211, last_modified=2026-03-23T00:58:06.777211)
2026-03-23 15:40:19,812 mobileraker.QidiPlus4 INFO - 0 notifications generated for machineID: 92e07d36-b96a-4b49-9fcd-43757e7c8599
2026-03-23 15:40:19,814 mobileraker.QidiPlus4 INFO - Updating snap in FCM Cfg for 92e07d36-b96a-4b49-9fcd-43757e7c8599: NotificationSnap(progress=0, progress_live_activity=0, progress_progressbar=0, last_progress=1970-01-01 00:00:00, last_progress_live_activity=1970-01-01 00:00:00, last_progress_progressbar=1970-01-01 00:00:00, state=standby, m117=, gcode_response=, filament_sensors=[])
2026-03-23 15:40:19,836 mobileraker.QidiPlus4 INFO - Updated snap in FCM Cfg for 92e07d36-b96a-4b49-9fcd-43757e7c8599: {'jsonrpc': '2.0', 'result': {'namespace': 'mobileraker', 'key': 'fcm.92e07d36-b96a-4b49-9fcd-43757e7c8599.snap', 'value': {'progress': 0.0, 'progress_live_activity': 0.0, 'progress_progressbar': 0.0, 'state': 'standby', 'm117': '', 'filament_sensors': [], 'gcode_response': '', 'last_progress': '1970-01-01T00:00:00', 'last_progress_live_activity': '1970-01-01T00:00:00', 'last_progress_progressbar': '1970-01-01T00:00:00'}}, 'id': 4437}
2026-03-23 15:40:19,838 mobileraker.QidiPlus4 INFO - ---- Completed Evaluations Task! ----
2026-03-23 15:50:24,839 mobileraker.QidiPlus4 INFO - Time-Interval reached. Evaluating!
2026-03-23 15:50:24,841 mobileraker.QidiPlus4 INFO - Snapshot passed threshold. LastSnap: PrinterSnapshot(timestamp=2026-03-23T15:40:19.789235,klippy_ready=True, print_state=standby, m117=None, m117_hash=, virtual_sdcard=VirtualSDCard (progress: 0.000000, file_position: 0), print_stats=PrintStats (filename: , total_duration: 0.0, print_duration: 0.0, state: standby, message: ), current_file=None, toolhead=<mobileraker.data.dtos.moonraker.printer_objects.Toolhead object at 0xffffaf745a50>, gcode_move=<mobileraker.data.dtos.moonraker.printer_objects.GCodeMove object at 0xffffaf743310>, gcode_response=None, gcode_response_hash=, timelapse_pause=None, filament_sensors=FilamentSensor(name=filament_tangle_sensor, kind=filament_switch_sensor, enabled=True, filament_detected=True)), NewSnap: PrinterSnapshot(timestamp=2026-03-23T15:50:24.837538,klippy_ready=True, print_state=standby, m117=None, m117_hash=, virtual_sdcard=VirtualSDCard (progress: 0.000000, file_position: 0), print_stats=PrintStats (filename: , total_duration: 0.0, print_duration: 0.0, state: standby, message: ), current_file=None, toolhead=<mobileraker.data.dtos.moonraker.printer_objects.Toolhead object at 0xffffaf6fbe50>, gcode_move=<mobileraker.data.dtos.moonraker.printer_objects.GCodeMove object at 0xffffaf743310>, gcode_response=None, gcode_response_hash=, timelapse_pause=None, filament_sensors=FilamentSensor(name=filament_tangle_sensor, kind=filament_switch_sensor, enabled=True, filament_detected=True))
2026-03-23 15:50:24,853 mobileraker.QidiPlus4 INFO - Fetched 1 app Cfgs!
2026-03-23 15:50:24,855 mobileraker.QidiPlus4 INFO - Evaluate for machineID 92e07d36-b96a-4b49-9fcd-43757e7c8599, cfg.version: 2.9.7-ios , cfg.snap: NotificationSnap(progress=0, progress_live_activity=0, progress_progressbar=0, last_progress=1970-01-01 00:00:00, last_progress_live_activity=1970-01-01 00:00:00, last_progress_progressbar=1970-01-01 00:00:00, state=standby, m117=, gcode_response=, filament_sensors=[]), cfg.settings: NotificationSettings(progress_config=25, state_config=['standby', 'printing', 'paused', 'complete', 'error'], android_progressbar=False, eta_sources=['slicer', 'filament'], snapshot_webcam=None, exclude_filament_sensors=[], inherit_global_settings=True, created=2026-03-23T00:58:06.777211, last_modified=2026-03-23T00:58:06.777211)
2026-03-23 15:50:24,858 mobileraker.QidiPlus4 INFO - 0 notifications generated for machineID: 92e07d36-b96a-4b49-9fcd-43757e7c8599
2026-03-23 15:50:24,860 mobileraker.QidiPlus4 INFO - No snap update necessary for 92e07d36-b96a-4b49-9fcd-43757e7c8599
2026-03-23 15:50:24,862 mobileraker.QidiPlus4 INFO - ---- Completed Evaluations Task! ----
2026-03-23 16:00:29,856 mobileraker.QidiPlus4 INFO - Time-Interval reached. Evaluating!
2026-03-23 16:00:29,857 mobileraker.QidiPlus4 INFO - Snapshot passed threshold. LastSnap: PrinterSnapshot(timestamp=2026-03-23T15:50:24.837538,klippy_ready=True, print_state=standby, m117=None, m117_hash=, virtual_sdcard=VirtualSDCard (progress: 0.000000, file_position: 0), print_stats=PrintStats (filename: , total_duration: 0.0, print_duration: 0.0, state: standby, message: ), current_file=None, toolhead=<mobileraker.data.dtos.moonraker.printer_objects.Toolhead object at 0xffffaf6fbe50>, gcode_move=<mobileraker.data.dtos.moonraker.printer_objects.GCodeMove object at 0xffffaf743310>, gcode_response=None, gcode_response_hash=, timelapse_pause=None, filament_sensors=FilamentSensor(name=filament_tangle_sensor, kind=filament_switch_sensor, enabled=True, filament_detected=True)), NewSnap: PrinterSnapshot(timestamp=2026-03-23T16:00:29.854584,klippy_ready=True, print_state=standby, m117=None, m117_hash=, virtual_sdcard=VirtualSDCard (progress: 0.000000, file_position: 0), print_stats=PrintStats (filename: , total_duration: 0.0, print_duration: 0.0, state: standby, message: ), current_file=None, toolhead=<mobileraker.data.dtos.moonraker.printer_objects.Toolhead object at 0xffffaf8c3ed0>, gcode_move=<mobileraker.data.dtos.moonraker.printer_objects.GCodeMove object at 0xffffaf743310>, gcode_response=None, gcode_response_hash=, timelapse_pause=None, filament_sensors=FilamentSensor(name=filament_tangle_sensor, kind=filament_switch_sensor, enabled=True, filament_detected=True))
2026-03-23 16:00:29,867 mobileraker.QidiPlus4 INFO - Fetched 1 app Cfgs!
2026-03-23 16:00:29,869 mobileraker.QidiPlus4 INFO - Evaluate for machineID 92e07d36-b96a-4b49-9fcd-43757e7c8599, cfg.version: 2.9.7-ios , cfg.snap: NotificationSnap(progress=0, progress_live_activity=0, progress_progressbar=0, last_progress=1970-01-01 00:00:00, last_progress_live_activity=1970-01-01 00:00:00, last_progress_progressbar=1970-01-01 00:00:00, state=standby, m117=, gcode_response=, filament_sensors=[]), cfg.settings: NotificationSettings(progress_config=25, state_config=['standby', 'printing', 'paused', 'complete', 'error'], android_progressbar=False, eta_sources=['slicer', 'filament'], snapshot_webcam=None, exclude_filament_sensors=[], inherit_global_settings=True, created=2026-03-23T00:58:06.777211, last_modified=2026-03-23T00:58:06.777211)
2026-03-23 16:00:29,871 mobileraker.QidiPlus4 INFO - 0 notifications generated for machineID: 92e07d36-b96a-4b49-9fcd-43757e7c8599
2026-03-23 16:00:29,873 mobileraker.QidiPlus4 INFO - No snap update necessary for 92e07d36-b96a-4b49-9fcd-43757e7c8599
2026-03-23 16:00:29,874 mobileraker.QidiPlus4 INFO - ---- Completed Evaluations Task! ----
2026-03-23 16:10:34,923 mobileraker.QidiPlus4 INFO - Time-Interval reached. Evaluating!
2026-03-23 16:10:34,924 mobileraker.QidiPlus4 INFO - Snapshot passed threshold. LastSnap: PrinterSnapshot(timestamp=2026-03-23T16:00:29.854584,klippy_ready=True, print_state=standby, m117=None, m117_hash=, virtual_sdcard=VirtualSDCard (progress: 0.000000, file_position: 0), print_stats=PrintStats (filename: , total_duration: 0.0, print_duration: 0.0, state: standby, message: ), current_file=None, toolhead=<mobileraker.data.dtos.moonraker.printer_objects.Toolhead object at 0xffffaf8c3ed0>, gcode_move=<mobileraker.data.dtos.moonraker.printer_objects.GCodeMove object at 0xffffaf743310>, gcode_response=None, gcode_response_hash=, timelapse_pause=None, filament_sensors=FilamentSensor(name=filament_tangle_sensor, kind=filament_switch_sensor, enabled=True, filament_detected=True)), NewSnap: PrinterSnapshot(timestamp=2026-03-23T16:10:34.920918,klippy_ready=True, print_state=standby, m117=None, m117_hash=, virtual_sdcard=VirtualSDCard (progress: 0.000000, file_position: 0), print_stats=PrintStats (filename: , total_duration: 0.0, print_duration: 0.0, state: standby, message: ), current_file=None, toolhead=<mobileraker.data.dtos.moonraker.printer_objects.Toolhead object at 0xffffaf7167d0>, gcode_move=<mobileraker.data.dtos.moonraker.printer_objects.GCodeMove object at 0xffffaf743310>, gcode_response=None, gcode_response_hash=, timelapse_pause=None, filament_sensors=FilamentSensor(name=filament_tangle_sensor, kind=filament_switch_sensor, enabled=True, filament_detected=True))
2026-03-23 16:10:34,938 mobileraker.QidiPlus4 INFO - Fetched 1 app Cfgs!
2026-03-23 16:10:34,940 mobileraker.QidiPlus4 INFO - Evaluate for machineID 92e07d36-b96a-4b49-9fcd-43757e7c8599, cfg.version: 2.9.7-ios , cfg.snap: NotificationSnap(progress=0, progress_live_activity=0, progress_progressbar=0, last_progress=1970-01-01 00:00:00, last_progress_live_activity=1970-01-01 00:00:00, last_progress_progressbar=1970-01-01 00:00:00, state=standby, m117=, gcode_response=, filament_sensors=[]), cfg.settings: NotificationSettings(progress_config=25, state_config=['standby', 'printing', 'paused', 'complete', 'error'], android_progressbar=False, eta_sources=['slicer', 'filament'], snapshot_webcam=None, exclude_filament_sensors=[], inherit_global_settings=True, created=2026-03-23T00:58:06.777211, last_modified=2026-03-23T00:58:06.777211)
2026-03-23 16:10:34,943 mobileraker.QidiPlus4 INFO - 0 notifications generated for machineID: 92e07d36-b96a-4b49-9fcd-43757e7c8599
2026-03-23 16:10:34,945 mobileraker.QidiPlus4 INFO - No snap update necessary for 92e07d36-b96a-4b49-9fcd-43757e7c8599
2026-03-23 16:10:34,947 mobileraker.QidiPlus4 INFO - ---- Completed Evaluations Task! ----
